event_name,category,event_date,start_time,end_time,frequency,user_uuid,repetitions_removed,event_day
Buslist_date change,application,2025-12-02,13:09:20.845000,13:09:20.845000,1,,1,Tuesday
Buslist_date change,application,2025-12-15,09:42:21.919000,09:42:23.887000,8,,8,Monday
Buslist_date change,application,2026-02-09,17:29:40.232000,17:30:50.418000,3,,3,Monday
Buslist_date change,application,2026-02-10,00:37:58.357000,00:37:58.357000,1,,1,Tuesday
Buslist_date change,application,2026-02-12,18:19:36.215000,18:19:54.463000,3,,3,Thursday
Buslist_date change,application,2026-02-18,00:06:21.175000,00:06:21.175000,1,,1,Wednesday
Home_Faq,application,2026-01-03,15:47:03.637000,15:47:03.637000,1,,1,Saturday
Onboarding_Language,application,2026-01-03,15:37:56.723000,15:37:56.723000,1,,1,Saturday
Onboarding_backpressed,application,2025-12-09,10:15:34.916000,10:16:36.932000,8,,8,Tuesday
Onboarding_backpressed,application,2025-12-22,13:03:29.061000,13:03:30.010000,2,,2,Monday
Onboarding_backpressed,application,2025-12-25,11:49:36.815000,11:49:38.104000,8,,8,Thursday
Onboarding_backpressed,application,2026-01-02,17:44:14.864000,17:44:14.864000,1,,1,Friday
Onboarding_backpressed,application,2026-02-04,17:13:34.814000,17:13:55.047000,16,,16,Wednesday
Onboarding_backpressed,application,2026-02-08,21:06:37.771000,21:06:37.771000,1,,1,Sunday
Onboarding_backpressed,application,2026-02-09,23:53:40.268000,23:53:41.037000,2,,2,Monday
_bus-search_list,application,2025-12-15,09:42:27.821000,09:42:29.820000,6,,6,Monday
_bus-search_user-bus-search,application,2025-12-15,09:42:24.679000,09:42:26.060000,3,,3,Monday
_history_recommended-journey,application,2025-12-30,15:44:32.713000,15:44:32.713000,1,,1,Tuesday
_history_recommended-journey,application,2026-01-10,11:15:07.745000,11:15:07.745000,1,,1,Saturday
_history_recommended-journey,application,2026-01-11,16:43:19.843000,16:43:19.843000,1,,1,Sunday
_history_recommended-journey,application,2026-01-30,16:41:15.688000,16:41:33.345000,2,,2,Friday
_history_recommended-journey,application,2026-02-08,21:07:36.738000,21:07:36.738000,1,,1,Sunday
_location_elastic-town-search,application,2025-12-01,09:46:16.228000,09:46:32.642000,30,,30,Monday
_location_elastic-town-search,application,2025-12-02,13:08:57.513000,13:09:32.998000,14,,14,Tuesday
_location_elastic-town-search,application,2025-12-05,13:30:18.788000,13:30:36.610000,14,,14,Friday
_location_elastic-town-search,application,2025-12-09,10:17:17.981000,15:05:15.070000,42,,42,Tuesday
_location_elastic-town-search,application,2025-12-10,09:09:23.332000,12:04:19.562000,97,,97,Wednesday
_location_elastic-town-search,application,2025-12-12,16:56:08.273000,16:56:26.332000,20,,20,Friday
_location_elastic-town-search,application,2025-12-15,14:49:23.766000,14:49:38.150000,17,,17,Monday
_location_elastic-town-search,application,2025-12-20,14:07:53.073000,15:48:55.439000,56,,56,Saturday
_location_elastic-town-search,application,2025-12-21,17:35:41.802000,17:38:46.679000,11,,11,Sunday
_location_elastic-town-search,application,2025-12-22,12:48:30.890000,22:30:07.046000,53,,53,Monday
_location_elastic-town-search,application,2025-12-24,12:51:36.944000,12:51:36.944000,1,,1,Wednesday
_location_elastic-town-search,application,2025-12-25,11:51:01.033000,23:22:42.640000,13,,13,Thursday
_location_elastic-town-search,application,2025-12-28,13:35:31.747000,13:36:23.330000,25,,25,Sunday
_location_elastic-town-search,application,2025-12-31,00:22:09.180000,00:22:22.863000,12,,12,Wednesday
_location_elastic-town-search,application,2026-01-03,15:38:46.224000,15:43:19.442000,56,,56,Saturday
_location_elastic-town-search,application,2026-01-04,11:08:08.130000,11:09:34.562000,15,,15,Sunday
_location_elastic-town-search,application,2026-01-07,12:41:16.441000,12:41:31.829000,14,,14,Wednesday
_location_elastic-town-search,application,2026-01-17,17:50:29.016000,17:52:05.212000,30,,30,Saturday
_location_elastic-town-search,application,2026-01-25,19:44:16.297000,20:07:33.201000,45,,45,Sunday
_location_elastic-town-search,application,2026-02-08,20:56:45.927000,20:57:01.040000,11,,11,Sunday
_location_elastic-town-search,application,2026-02-09,17:29:32.702000,17:32:18.404000,24,,24,Monday
_location_elastic-town-search,application,2026-02-10,00:37:45.560000,00:37:45.911000,4,,4,Tuesday
_location_elastic-town-search,application,2026-02-11,20:12:59.206000,20:18:23.058000,48,,48,Wednesday
_location_elastic-town-search,application,2026-02-12,18:19:49.000000,18:20:20.519000,13,,13,Thursday
_location_elastic-town-search,application,2026-02-16,10:57:59.503000,10:57:59.820000,2,,2,Monday
_location_elastic-town-search,application,2026-02-18,00:06:08.822000,00:07:17.229000,16,,16,Wednesday
_location_from-town,application,2025-12-15,21:07:08.974000,21:07:08.974000,1,,1,Monday
_location_from-town,application,2025-12-19,12:56:05.033000,12:56:05.033000,1,,1,Friday
_location_from-town,application,2025-12-22,12:47:45.189000,12:47:45.189000,1,,1,Monday
_location_from-town,application,2026-01-10,11:15:07.125000,11:15:07.125000,1,,1,Saturday
_location_from-town,application,2026-01-11,16:43:19.924000,16:43:19.924000,1,,1,Sunday
_location_from-town,application,2026-01-15,20:09:53.046000,20:09:53.046000,1,,1,Thursday
_location_from-town,application,2026-02-04,23:56:14.781000,23:56:14.781000,1,,1,Wednesday
_location_from-town,application,2026-02-08,21:07:36.197000,21:07:36.197000,1,,1,Sunday
_location_special-town-search,application,2025-12-03,11:08:57.048000,11:08:57.048000,1,,1,Wednesday
_location_special-town-search,application,2025-12-11,19:04:50.601000,19:04:50.601000,1,,1,Thursday
_location_special-town-search,application,2025-12-22,12:50:58.407000,12:50:58.407000,1,,1,Monday
_location_special-town-search,application,2025-12-25,23:22:39.704000,23:22:39.704000,1,,1,Thursday
_location_special-town-search,application,2026-01-04,11:08:06.010000,11:08:06.010000,1,,1,Sunday
_location_special-town-search,application,2026-01-10,11:15:07.850000,11:15:07.850000,1,,1,Saturday
_location_special-town-search,application,2026-01-11,16:43:20.165000,16:43:20.165000,1,,1,Sunday
_location_special-town-search,application,2026-01-15,20:10:22.831000,20:10:22.831000,1,,1,Thursday
_location_special-town-search,application,2026-02-04,23:56:15.040000,23:56:15.040000,1,,1,Wednesday
_location_special-town-search,application,2026-02-08,20:44:10.527000,21:07:37.168000,4,,4,Sunday
_location_special-town-search,application,2026-02-11,20:12:44.054000,20:17:43.038000,3,,3,Wednesday
_location_town-search,application,2025-12-02,13:09:04.267000,13:09:32.688000,4,,4,Tuesday
_location_town-search,application,2026-02-09,17:29:35.061000,17:32:10.996000,10,,10,Monday
_location_town-search,application,2026-02-10,00:37:47.224000,00:37:48.169000,2,,2,Tuesday
_location_town-search,application,2026-02-12,18:19:50.646000,18:19:51.940000,2,,2,Thursday
_location_town-search,application,2026-02-18,00:06:12.440000,00:06:14.287000,2,,2,Wednesday
_profile,application,2026-01-30,16:41:15.811000,16:41:34.117000,2,,2,Friday
_ticket,application,2025-12-13,20:23:30.626000,20:23:30.626000,1,,1,Saturday
_ticket,application,2025-12-14,08:41:33.010000,08:41:33.010000,1,,1,Sunday
_ticket,application,2025-12-19,12:56:05.510000,12:56:05.510000,1,,1,Friday
_ticket,application,2025-12-31,00:21:45.350000,00:21:45.350000,1,,1,Wednesday
_ticket,application,2026-01-11,16:43:20.138000,16:43:20.138000,1,,1,Sunday
_ticket,application,2026-02-04,23:55:52.234000,23:56:14.972000,2,,2,Wednesday
_ticket,application,2026-02-16,10:56:42.710000,10:56:42.710000,1,,1,Monday
_user,application,2025-11-29,12:22:50.554000,12:22:50.554000,1,,1,Saturday
_user,application,2025-12-02,20:27:14.747000,20:27:14.747000,1,,1,Tuesday
_user,application,2025-12-10,10:59:07.848000,11:00:47.362000,2,,2,Wednesday
_user,application,2025-12-11,15:23:20.237000,15:23:20.237000,1,,1,Thursday
_user,application,2025-12-15,09:42:24.825000,14:51:36.288000,4,,4,Monday
_user,application,2025-12-19,12:56:05.383000,19:37:57.863000,2,,2,Friday
_user,application,2025-12-20,14:07:40.149000,15:48:08.436000,2,,2,Saturday
_user,application,2025-12-22,22:29:42.776000,22:29:42.776000,1,,1,Monday
_user,application,2025-12-25,11:50:47.689000,11:50:47.689000,1,,1,Thursday
_user,application,2025-12-26,16:14:17.939000,16:14:17.939000,1,,1,Friday
_user,application,2025-12-29,18:17:57.005000,18:17:57.005000,1,,1,Monday
_user,application,2025-12-30,15:44:32.690000,15:44:32.690000,1,,1,Tuesday
_user,application,2026-01-10,11:15:07.352000,11:15:08.194000,2,,2,Saturday
_user,application,2026-01-11,16:43:19.804000,16:43:19.941000,2,,2,Sunday
_user,application,2026-01-15,20:09:53.046000,20:12:00.330000,2,,2,Thursday
_user,application,2026-02-04,23:56:14.792000,23:56:14.792000,1,,1,Wednesday
_user,application,2026-02-05,07:38:29.258000,07:38:29.574000,2,,2,Thursday
_user,application,2026-02-08,20:45:39.480000,21:07:36.759000,2,,2,Sunday
camera_embedded_player_channel_switched,application,2025-12-17,12:41:25.217000,12:41:25.217000,1,,1,Wednesday
camera_embedded_player_closed,application,2026-01-27,10:32:06.412000,10:32:06.412000,1,,1,Tuesday
camera_embedded_player_opened,application,2026-01-27,10:32:03.995000,10:32:03.995000,1,,1,Tuesday
chat_now_failed,application,2026-01-06,05:07:58.461000,05:07:58.461000,3,,3,Tuesday
choose_language,application,2026-01-03,15:37:58.990000,15:37:58.990000,1,,1,Saturday
choose_language,application,2026-02-05,07:38:27.651000,07:38:28.136000,2,,2,Thursday
clicked_cash_settlement_bus_card,application,2025-12-06,10:32:39.591000,12:15:51.424000,8,,8,Saturday
clicked_cash_settlement_bus_card,application,2025-12-07,12:49:44.134000,12:52:48.808000,4,,4,Sunday
clicked_cash_settlement_bus_card,application,2025-12-08,08:15:12.102000,09:19:56.876000,4,,4,Monday
clicked_cash_settlement_bus_card,application,2025-12-11,10:42:54.032000,10:42:54.032000,1,,1,Thursday
clicked_cash_settlement_bus_card,application,2025-12-12,09:41:20.711000,09:41:20.711000,1,,1,Friday
clicked_cash_settlement_bus_card,application,2025-12-17,10:28:21.820000,10:28:21.820000,1,,1,Wednesday
clicked_cash_settlement_bus_card,application,2025-12-18,09:39:48.720000,09:39:48.720000,1,,1,Thursday
clicked_cash_settlement_bus_card,application,2025-12-19,08:47:48.868000,08:48:23.497000,2,,2,Friday
clicked_cash_settlement_bus_card,application,2025-12-25,16:01:06.145000,16:02:22.495000,2,,2,Thursday
clicked_cash_settlement_bus_card,application,2025-12-27,14:07:42.593000,19:22:05.429000,2,,2,Saturday
clicked_cash_settlement_bus_card,application,2025-12-28,10:26:25.707000,10:26:25.707000,1,,1,Sunday
clicked_cash_settlement_bus_card,application,2026-01-04,09:10:08.458000,21:20:41.281000,29,,29,Sunday
clicked_cash_settlement_bus_card,application,2026-01-05,14:44:01.376000,15:32:50.384000,35,,35,Monday
clicked_cash_settlement_bus_card,application,2026-01-06,09:05:44.145000,09:05:44.145000,1,,1,Tuesday
clicked_cash_settlement_bus_card,application,2026-01-07,21:28:44.601000,21:28:46.616000,2,,2,Wednesday
clicked_cash_settlement_bus_card,application,2026-01-09,18:55:31.927000,19:00:17.130000,15,,15,Friday
clicked_cash_settlement_bus_card,application,2026-01-11,07:08:14.705000,07:09:31.765000,4,,4,Sunday
clicked_cash_settlement_bus_card,application,2026-01-12,15:58:02.138000,15:58:12.364000,5,,5,Monday
clicked_cash_settlement_bus_card,application,2026-01-13,19:32:46.140000,19:32:54.880000,2,,2,Tuesday
clicked_cash_settlement_bus_card,application,2026-01-15,07:11:20.785000,07:13:01.875000,8,,8,Thursday
clicked_cash_settlement_bus_card,application,2026-01-16,09:07:09.983000,14:22:55.981000,6,,6,Friday
clicked_cash_settlement_bus_card,application,2026-01-17,07:26:39.927000,07:27:14.601000,3,,3,Saturday
clicked_cash_settlement_bus_card,application,2026-01-23,12:30:42.026000,12:30:47.560000,2,,2,Friday
clicked_cash_settlement_bus_card,application,2026-01-24,13:15:13.403000,13:17:07.158000,2,,2,Saturday
clicked_cash_settlement_bus_card,application,2026-01-27,07:48:02.416000,07:53:13.779000,18,,18,Tuesday
clicked_cash_settlement_bus_card,application,2026-01-29,09:08:58.225000,09:09:50.044000,3,,3,Thursday
clicked_cash_settlement_bus_card,application,2026-01-30,19:23:40.496000,19:23:40.496000,1,,1,Friday
clicked_cash_settlement_bus_card,application,2026-02-03,09:03:09.183000,09:03:21.619000,2,,2,Tuesday
clicked_cash_settlement_bus_card,application,2026-02-04,06:34:24.538000,06:37:19.810000,11,,11,Wednesday
clicked_cash_settlement_bus_card,application,2026-02-06,20:11:07.887000,20:11:40.636000,7,,7,Friday
clicked_cash_settlement_bus_card,application,2026-02-07,07:08:57.206000,19:16:14.777000,2,,2,Saturday
clicked_cash_settlement_bus_card,application,2026-02-10,15:32:59.758000,15:32:59.758000,1,,1,Tuesday
clicked_cash_settlement_bus_card,application,2026-02-14,13:29:22.602000,13:29:22.602000,1,,1,Saturday
clicked_cash_settlement_bus_card,application,2026-02-16,15:18:48.171000,15:18:48.171000,1,,1,Monday
clicked_cash_settlement_non_settled_btn,application,2025-12-06,10:33:35.196000,10:42:13.520000,2,,2,Saturday
clicked_cash_settlement_non_settled_btn,application,2025-12-08,08:17:41.128000,08:17:41.128000,1,,1,Monday
clicked_cash_settlement_non_settled_btn,application,2025-12-20,01:24:02.236000,01:24:02.236000,1,,1,Saturday
clicked_cash_settlement_non_settled_btn,application,2025-12-23,15:02:06.648000,15:34:40.777000,3,,3,Tuesday
clicked_cash_settlement_non_settled_btn,application,2025-12-24,08:15:10.873000,18:42:02.613000,3,,3,Wednesday
clicked_cash_settlement_non_settled_btn,application,2025-12-25,11:01:41.640000,16:00:40.099000,2,,2,Thursday
clicked_cash_settlement_non_settled_btn,application,2025-12-26,09:18:34.539000,11:07:26.581000,3,,3,Friday
clicked_cash_settlement_non_settled_btn,application,2026-01-04,21:17:59.126000,21:18:46.225000,9,,9,Sunday
clicked_cash_settlement_non_settled_btn,application,2026-01-05,15:14:44.845000,15:33:09.678000,15,,15,Monday
clicked_cash_settlement_non_settled_btn,application,2026-01-07,11:07:26.516000,21:28:59.073000,2,,2,Wednesday
clicked_cash_settlement_non_settled_btn,application,2026-01-16,09:20:32.834000,14:23:09.181000,2,,2,Friday
clicked_cash_settlement_non_settled_btn,application,2026-01-23,12:30:30.415000,12:30:30.415000,1,,1,Friday
clicked_cash_settlement_non_settled_btn,application,2026-01-27,17:19:09.052000,17:19:09.052000,1,,1,Tuesday
clicked_cash_settlement_non_settled_btn,application,2026-01-29,14:26:32.268000,14:26:32.268000,1,,1,Thursday
clicked_cash_settlement_non_settled_btn,application,2026-02-04,06:38:32.283000,06:38:32.283000,1,,1,Wednesday
clicked_cash_settlement_non_settled_btn,application,2026-02-07,09:16:17.875000,09:16:17.875000,1,,1,Saturday
clicked_cash_settlement_non_settled_btn,application,2026-02-09,06:11:38.160000,06:11:38.160000,1,,1,Monday
clicked_cash_settlement_non_settled_btn,application,2026-02-11,17:33:59.985000,17:33:59.985000,1,,1,Wednesday
clicked_cash_settlement_non_settled_btn,application,2026-02-12,15:41:43.580000,19:29:26.292000,2,,2,Thursday
clicked_cash_settlement_settle_btn,application,2025-12-18,06:55:02.096000,06:55:02.096000,1,,1,Thursday
clicked_cash_settlement_settle_btn,application,2025-12-25,16:01:14.314000,16:02:37.415000,3,,3,Thursday
clicked_cash_settlement_settle_btn,application,2025-12-27,01:50:48.362000,14:08:00.954000,5,,5,Saturday
clicked_cash_settlement_settle_btn,application,2025-12-28,10:26:28.974000,10:27:20.835000,2,,2,Sunday
clicked_cash_settlement_settle_btn,application,2026-01-04,09:10:35.824000,21:18:01.124000,13,,13,Sunday
clicked_cash_settlement_settle_btn,application,2026-01-05,14:44:20.157000,15:32:54.098000,10,,10,Monday
clicked_cash_settlement_settle_btn,application,2026-01-06,09:05:30.595000,09:05:30.595000,1,,1,Tuesday
clicked_cash_settlement_settle_btn,application,2026-01-07,11:07:14.662000,11:07:14.662000,1,,1,Wednesday
clicked_cash_settlement_settle_btn,application,2026-01-09,18:56:08.917000,19:00:23.355000,6,,6,Friday
clicked_cash_settlement_settle_btn,application,2026-01-11,07:08:52.363000,07:09:52.293000,2,,2,Sunday
clicked_cash_settlement_settle_btn,application,2026-01-12,15:58:50.023000,15:58:50.023000,1,,1,Monday
clicked_cash_settlement_settle_btn,application,2026-01-15,07:12:13.038000,07:13:17.461000,2,,2,Thursday
clicked_cash_settlement_settle_btn,application,2026-01-16,09:07:17.692000,22:30:08.114000,4,,4,Friday
clicked_cash_settlement_settle_btn,application,2026-01-17,07:27:23.903000,07:27:23.903000,1,,1,Saturday
clicked_cash_settlement_settle_btn,application,2026-01-23,12:30:52.596000,12:30:52.596000,1,,1,Friday
clicked_cash_settlement_settle_btn,application,2026-01-27,07:49:01.003000,07:53:34.040000,4,,4,Tuesday
clicked_cash_settlement_settle_btn,application,2026-01-29,09:09:10.593000,14:26:53.325000,9,,9,Thursday
clicked_cash_settlement_settle_btn,application,2026-01-30,19:24:17.178000,19:24:17.178000,1,,1,Friday
clicked_cash_settlement_settle_btn,application,2026-02-03,09:02:37.568000,09:03:58.477000,2,,2,Tuesday
clicked_cash_settlement_settle_btn,application,2026-02-04,06:35:10.689000,06:37:30.728000,3,,3,Wednesday
clicked_cash_settlement_settle_btn,application,2026-02-06,18:11:57.998000,20:12:52.133000,5,,5,Friday
clicked_cash_settlement_settled_btn,application,2025-12-06,10:33:28.589000,14:02:53.857000,3,,3,Saturday
clicked_cash_settlement_settled_btn,application,2025-12-08,08:17:19.246000,08:17:19.246000,1,,1,Monday
clicked_cash_settlement_settled_btn,application,2025-12-20,01:24:00.938000,01:24:00.938000,1,,1,Saturday
clicked_cash_settlement_settled_btn,application,2025-12-23,15:01:33.916000,18:42:25.024000,10,,10,Tuesday
clicked_cash_settlement_settled_btn,application,2025-12-24,08:15:04.838000,18:41:57.445000,3,,3,Wednesday
clicked_cash_settlement_settled_btn,application,2025-12-25,09:20:45.615000,16:00:35.899000,3,,3,Thursday
clicked_cash_settlement_settled_btn,application,2025-12-26,09:17:38.135000,11:07:27.306000,4,,4,Friday
clicked_cash_settlement_settled_btn,application,2025-12-27,19:23:38.875000,19:23:38.875000,1,,1,Saturday
clicked_cash_settlement_settled_btn,application,2026-01-04,09:17:04.348000,21:20:07.525000,18,,18,Sunday
clicked_cash_settlement_settled_btn,application,2026-01-05,15:14:24.751000,15:33:10.377000,20,,20,Monday
clicked_cash_settlement_settled_btn,application,2026-01-07,11:07:24.918000,21:29:00.034000,3,,3,Wednesday
clicked_cash_settlement_settled_btn,application,2026-01-09,19:00:45.685000,19:02:00.309000,2,,2,Friday
clicked_cash_settlement_settled_btn,application,2026-01-11,07:10:06.888000,07:10:06.888000,1,,1,Sunday
clicked_cash_settlement_settled_btn,application,2026-01-13,19:30:55.668000,19:32:43.710000,2,,2,Tuesday
clicked_cash_settlement_settled_btn,application,2026-01-15,07:18:07.355000,07:18:07.355000,1,,1,Thursday
clicked_cash_settlement_settled_btn,application,2026-01-16,09:20:31.583000,14:23:08.048000,2,,2,Friday
clicked_cash_settlement_settled_btn,application,2026-01-23,12:30:22.796000,20:17:18.323000,3,,3,Friday
clicked_cash_settlement_settled_btn,application,2026-01-24,19:29:25.498000,19:29:25.498000,1,,1,Saturday
clicked_cash_settlement_settled_btn,application,2026-01-25,15:24:31.267000,15:24:31.267000,1,,1,Sunday
clicked_cash_settlement_settled_btn,application,2026-01-27,17:19:05.473000,17:19:05.473000,1,,1,Tuesday
clicked_cash_settlement_settled_btn,application,2026-01-29,09:14:40.680000,14:26:30.287000,3,,3,Thursday
clicked_cash_settlement_settled_btn,application,2026-01-30,16:47:28.182000,21:10:00.079000,3,,3,Friday
clicked_cash_settlement_settled_btn,application,2026-01-31,13:34:42.370000,13:34:42.370000,1,,1,Saturday
clicked_cash_settlement_settled_btn,application,2026-02-03,09:00:58.602000,09:00:58.602000,1,,1,Tuesday
clicked_cash_settlement_settled_btn,application,2026-02-04,06:37:49.682000,13:51:10.887000,7,,7,Wednesday
clicked_cash_settlement_settled_btn,application,2026-02-06,20:09:39.210000,20:10:11.835000,2,,2,Friday
clicked_cash_settlement_settled_btn,application,2026-02-07,07:08:40.135000,19:15:31.793000,3,,3,Saturday
clicked_cash_settlement_settled_btn,application,2026-02-08,08:53:52.283000,08:53:52.283000,1,,1,Sunday
clicked_cash_settlement_settled_btn,application,2026-02-09,06:11:20.148000,06:11:20.148000,1,,1,Monday
clicked_cash_settlement_settled_btn,application,2026-02-11,17:33:58.102000,17:33:58.102000,1,,1,Wednesday
clicked_cash_settlement_settled_btn,application,2026-02-12,09:37:20.845000,19:29:00.903000,3,,3,Thursday
clicked_cash_settlement_tickets_detail_back_btn,application,2025-12-06,10:33:12.665000,12:16:07.312000,8,,8,Saturday
clicked_cash_settlement_tickets_detail_back_btn,application,2025-12-07,12:51:18.363000,12:53:02.409000,4,,4,Sunday
clicked_cash_settlement_tickets_detail_back_btn,application,2025-12-08,08:15:20.395000,09:21:10.381000,4,,4,Monday
clicked_cash_settlement_tickets_detail_back_btn,application,2025-12-12,09:42:27.469000,09:42:27.469000,1,,1,Friday
clicked_cash_settlement_tickets_detail_back_btn,application,2025-12-17,10:28:32.023000,10:28:32.023000,1,,1,Wednesday
clicked_cash_settlement_tickets_detail_back_btn,application,2025-12-18,09:41:02.699000,09:41:02.699000,1,,1,Thursday
clicked_cash_settlement_tickets_detail_back_btn,application,2025-12-19,08:48:22.132000,08:48:22.132000,1,,1,Friday
clicked_cash_settlement_tickets_detail_back_btn,application,2025-12-25,16:01:07.845000,16:02:24.217000,2,,2,Thursday
clicked_cash_settlement_tickets_detail_back_btn,application,2025-12-26,14:58:02.041000,14:58:02.041000,1,,1,Friday
clicked_cash_settlement_tickets_detail_back_btn,application,2025-12-27,14:07:44.403000,19:22:14.111000,2,,2,Saturday
clicked_cash_settlement_tickets_detail_back_btn,application,2025-12-28,10:26:27.393000,10:26:27.393000,1,,1,Sunday
clicked_cash_settlement_tickets_detail_back_btn,application,2026-01-04,09:10:10.129000,21:20:42.648000,29,,29,Sunday
clicked_cash_settlement_tickets_detail_back_btn,application,2026-01-05,14:44:09.584000,15:32:51.821000,35,,35,Monday
clicked_cash_settlement_tickets_detail_back_btn,application,2026-01-06,09:05:46.056000,09:05:46.056000,1,,1,Tuesday
clicked_cash_settlement_tickets_detail_back_btn,application,2026-01-07,21:28:46.172000,21:28:47.869000,2,,2,Wednesday
clicked_cash_settlement_tickets_detail_back_btn,application,2026-01-09,18:55:33.412000,19:00:18.807000,15,,15,Friday
clicked_cash_settlement_tickets_detail_back_btn,application,2026-01-11,07:08:16.598000,07:09:33.627000,4,,4,Sunday
clicked_cash_settlement_tickets_detail_back_btn,application,2026-01-12,15:58:03.903000,15:58:13.767000,5,,5,Monday
clicked_cash_settlement_tickets_detail_back_btn,application,2026-01-13,19:32:51.009000,19:32:56.484000,2,,2,Tuesday
clicked_cash_settlement_tickets_detail_back_btn,application,2026-01-15,07:11:22.487000,07:13:03.591000,8,,8,Thursday
clicked_cash_settlement_tickets_detail_back_btn,application,2026-01-16,09:07:11.719000,14:23:01.207000,6,,6,Friday
clicked_cash_settlement_tickets_detail_back_btn,application,2026-01-17,07:26:41.579000,07:27:16.191000,3,,3,Saturday
clicked_cash_settlement_tickets_detail_back_btn,application,2026-01-23,12:30:44.291000,12:30:49.173000,2,,2,Friday
clicked_cash_settlement_tickets_detail_back_btn,application,2026-01-24,13:15:42.407000,13:17:16.496000,2,,2,Saturday
clicked_cash_settlement_tickets_detail_back_btn,application,2026-01-27,07:48:04.094000,07:53:16.208000,18,,18,Tuesday
clicked_cash_settlement_tickets_detail_back_btn,application,2026-01-29,09:09:00.512000,09:09:52.456000,3,,3,Thursday
clicked_cash_settlement_tickets_detail_back_btn,application,2026-01-30,19:23:42.190000,19:23:42.190000,1,,1,Friday
clicked_cash_settlement_tickets_detail_back_btn,application,2026-02-03,09:03:10.902000,09:03:23.271000,2,,2,Tuesday
clicked_cash_settlement_tickets_detail_back_btn,application,2026-02-04,06:34:26.357000,06:37:21.441000,11,,11,Wednesday
clicked_cash_settlement_tickets_detail_back_btn,application,2026-02-06,20:11:09.600000,20:11:42.074000,7,,7,Friday
clicked_cash_settlement_tickets_detail_back_btn,application,2026-02-07,07:09:02.069000,19:16:24.533000,2,,2,Saturday
clicked_cash_settlement_tickets_detail_back_btn,application,2026-02-10,15:33:03.693000,15:33:03.693000,1,,1,Tuesday
clicked_cash_settlement_tickets_detail_back_btn,application,2026-02-14,13:29:28.223000,13:29:28.223000,1,,1,Saturday
clicked_cash_settlement_tickets_detail_back_btn,application,2026-02-16,15:18:51.008000,15:18:51.008000,1,,1,Monday
clicked_cash_settlement_trip_setlle_btn,application,2026-01-04,09:13:52.117000,21:08:34.409000,8,,8,Sunday
clicked_cash_settlement_trip_setlle_btn,application,2026-01-05,14:44:04.989000,14:44:04.989000,5,,5,Monday
clicked_hisab_bus_detail_card,application,2025-11-30,10:43:23.236000,16:42:32.982000,7,,7,Sunday
clicked_hisab_bus_detail_card,application,2025-12-02,08:14:22.266000,08:14:22.266000,1,,1,Tuesday
clicked_hisab_bus_detail_card,application,2025-12-03,15:06:20.992000,17:25:57.458000,3,,3,Wednesday
clicked_hisab_bus_detail_card,application,2025-12-04,11:30:36.666000,11:30:36.666000,1,,1,Thursday
clicked_hisab_bus_detail_card,application,2025-12-06,08:22:54.228000,19:55:04.252000,16,,16,Saturday
clicked_hisab_bus_detail_card,application,2025-12-07,04:15:38.110000,18:47:03.336000,14,,14,Sunday
clicked_hisab_bus_detail_card,application,2025-12-08,08:13:24.890000,15:32:12.456000,3,,3,Monday
clicked_hisab_bus_detail_card,application,2025-12-09,00:58:16.615000,19:26:06.992000,3,,3,Tuesday
clicked_hisab_bus_detail_card,application,2025-12-10,09:53:54.025000,20:41:37.652000,11,,11,Wednesday
clicked_hisab_bus_detail_card,application,2025-12-11,08:47:52.591000,19:18:33.361000,9,,9,Thursday
clicked_hisab_bus_detail_card,application,2025-12-12,16:54:32.890000,18:40:10.511000,2,,2,Friday
clicked_hisab_bus_detail_card,application,2025-12-13,08:14:51.196000,17:14:55.395000,8,,8,Saturday
clicked_hisab_bus_detail_card,application,2025-12-14,08:21:35.181000,18:52:58.022000,7,,7,Sunday
clicked_hisab_bus_detail_card,application,2025-12-15,03:09:23.037000,19:08:12.306000,8,,8,Monday
clicked_hisab_bus_detail_card,application,2025-12-16,11:49:15.723000,19:23:33.767000,7,,7,Tuesday
clicked_hisab_bus_detail_card,application,2025-12-17,10:56:20.680000,15:24:29.837000,5,,5,Wednesday
clicked_hisab_bus_detail_card,application,2025-12-18,08:19:15.027000,20:45:25.597000,87,,87,Thursday
clicked_hisab_bus_detail_card,application,2025-12-19,06:18:35.363000,20:22:56.708000,156,,156,Friday
clicked_hisab_bus_detail_card,application,2025-12-20,08:08:03.008000,22:52:06.059000,150,,150,Saturday
clicked_hisab_bus_detail_card,application,2025-12-21,07:00:32.787000,21:53:41.738000,126,,126,Sunday
clicked_hisab_bus_detail_card,application,2025-12-22,07:29:30.537000,21:56:18.579000,254,,254,Monday
clicked_hisab_bus_detail_card,application,2025-12-23,04:49:08.237000,21:29:25.013000,185,,185,Tuesday
clicked_hisab_bus_detail_card,application,2025-12-24,07:51:26.200000,21:56:03.030000,142,,142,Wednesday
clicked_hisab_bus_detail_card,application,2025-12-25,07:29:35.412000,22:00:43.328000,132,,132,Thursday
clicked_hisab_bus_detail_card,application,2025-12-26,06:53:40.800000,22:26:31.278000,140,,140,Friday
clicked_hisab_bus_detail_card,application,2025-12-27,08:14:36.835000,21:42:23.453000,79,,79,Saturday
clicked_hisab_bus_detail_card,application,2025-12-28,08:09:37.153000,18:41:25.784000,95,,95,Sunday
clicked_hisab_bus_detail_card,application,2025-12-29,07:01:14.569000,22:01:18.929000,65,,65,Monday
clicked_hisab_bus_detail_card,application,2025-12-30,05:22:58.418000,19:51:55.414000,69,,69,Tuesday
clicked_hisab_bus_detail_card,application,2025-12-31,05:34:00.338000,21:38:53.858000,86,,86,Wednesday
clicked_hisab_bus_detail_card,application,2026-01-01,07:32:08.325000,19:28:35.209000,93,,93,Thursday
clicked_hisab_bus_detail_card,application,2026-01-02,07:47:50.690000,21:02:10.736000,67,,67,Friday
clicked_hisab_bus_detail_card,application,2026-01-03,06:45:54.894000,21:39:13.803000,106,,106,Saturday
clicked_hisab_bus_detail_card,application,2026-01-04,06:29:08.718000,22:33:17.948000,194,,194,Sunday
clicked_hisab_bus_detail_card,application,2026-01-05,00:00:40.482000,22:00:31.533000,277,,277,Monday
clicked_hisab_bus_detail_card,application,2026-01-06,07:45:20.296000,22:40:57.538000,50,,50,Tuesday
clicked_hisab_bus_detail_card,application,2026-01-07,07:38:25.548000,21:32:23.944000,100,,100,Wednesday
clicked_hisab_bus_detail_card,application,2026-01-08,06:39:49.116000,19:45:45.866000,91,,91,Thursday
clicked_hisab_bus_detail_card,application,2026-01-09,07:57:44.396000,23:25:56.231000,69,,69,Friday
clicked_hisab_bus_detail_card,application,2026-01-10,07:15:57.131000,22:45:26.480000,103,,103,Saturday
clicked_hisab_bus_detail_card,application,2026-01-11,07:13:17.377000,22:57:13.704000,85,,85,Sunday
clicked_hisab_bus_detail_card,application,2026-01-12,08:10:55.931000,22:20:08.135000,81,,81,Monday
clicked_hisab_bus_detail_card,application,2026-01-13,07:37:15.233000,20:05:00.731000,121,,121,Tuesday
clicked_hisab_bus_detail_card,application,2026-01-14,08:01:51.625000,21:33:55.191000,132,,132,Wednesday
clicked_hisab_bus_detail_card,application,2026-01-15,06:21:49.325000,22:42:14.539000,123,,123,Thursday
clicked_hisab_bus_detail_card,application,2026-01-16,06:30:50.307000,22:37:35.803000,85,,85,Friday
clicked_hisab_bus_detail_card,application,2026-01-17,07:47:38.889000,21:44:50.149000,124,,124,Saturday
clicked_hisab_bus_detail_card,application,2026-01-18,07:56:32.736000,21:59:06.894000,11,,11,Sunday
clicked_hisab_bus_detail_card,application,2026-01-23,07:26:22.135000,20:21:07.127000,84,,84,Friday
clicked_hisab_bus_detail_card,application,2026-01-24,08:26:26.530000,21:54:00.494000,64,,64,Saturday
clicked_hisab_bus_detail_card,application,2026-01-25,07:51:18.908000,21:45:16.810000,93,,93,Sunday
clicked_hisab_bus_detail_card,application,2026-01-26,07:37:47.072000,20:24:26.730000,133,,133,Monday
clicked_hisab_bus_detail_card,application,2026-01-27,07:46:18.859000,22:31:48.257000,160,,160,Tuesday
clicked_hisab_bus_detail_card,application,2026-01-28,07:19:37.838000,22:06:19.348000,90,,90,Wednesday
clicked_hisab_bus_detail_card,application,2026-01-29,06:51:31.321000,22:32:32.980000,114,,114,Thursday
clicked_hisab_bus_detail_card,application,2026-01-30,08:38:25.921000,20:43:24.763000,67,,67,Friday
clicked_hisab_bus_detail_card,application,2026-01-31,01:33:25.652000,21:14:03.325000,75,,75,Saturday
clicked_hisab_bus_detail_card,application,2026-02-01,06:28:30.180000,22:00:40.483000,98,,98,Sunday
clicked_hisab_bus_detail_card,application,2026-02-02,06:51:59.059000,20:35:16.669000,131,,131,Monday
clicked_hisab_bus_detail_card,application,2026-02-03,06:45:28.852000,20:46:58.915000,119,,119,Tuesday
clicked_hisab_bus_detail_card,application,2026-02-04,06:51:51.642000,21:39:30.499000,100,,100,Wednesday
clicked_hisab_bus_detail_card,application,2026-02-05,02:33:33.290000,21:34:27.693000,59,,59,Thursday
clicked_hisab_bus_detail_card,application,2026-02-06,06:07:39.504000,23:20:46.305000,101,,101,Friday
clicked_hisab_bus_detail_card,application,2026-02-07,05:12:55.751000,23:29:21.033000,111,,111,Saturday
clicked_hisab_bus_detail_card,application,2026-02-08,02:43:55.770000,22:53:20.540000,101,,101,Sunday
clicked_hisab_bus_detail_card,application,2026-02-09,06:35:27.586000,21:31:35.894000,145,,145,Monday
clicked_hisab_bus_detail_card,application,2026-02-10,06:02:30.352000,23:23:55.484000,101,,101,Tuesday
clicked_hisab_bus_detail_card,application,2026-02-11,01:15:14.348000,21:58:53.493000,108,,108,Wednesday
clicked_hisab_bus_detail_card,application,2026-02-12,06:29:42.229000,21:27:11.939000,156,,156,Thursday
clicked_hisab_bus_detail_card,application,2026-02-13,07:08:40.278000,21:55:20.734000,128,,128,Friday
clicked_hisab_bus_detail_card,application,2026-02-14,04:02:12.150000,20:18:37.072000,83,,83,Saturday
clicked_hisab_bus_detail_card,application,2026-02-15,06:16:34.626000,21:02:49.868000,153,,153,Sunday
clicked_hisab_bus_detail_card,application,2026-02-16,06:18:33.507000,21:30:03.984000,137,,137,Monday
clicked_hisab_bus_detail_card,application,2026-02-17,06:29:47.477000,22:18:10.944000,113,,113,Tuesday
clicked_hisab_bus_detail_card,application,2026-02-18,00:45:08.901000,21:59:14.879000,145,,145,Wednesday
clicked_hisab_bus_detail_card,application,2026-02-19,04:47:58.778000,22:39:10.144000,83,,83,Thursday
clicked_hisab_bus_detail_download_btn,application,2025-12-06,16:13:20.286000,16:13:20.286000,1,,1,Saturday
clicked_hisab_bus_detail_download_btn,application,2025-12-18,10:28:53.857000,12:42:55.814000,2,,2,Thursday
clicked_hisab_bus_detail_download_btn,application,2025-12-20,11:30:19.652000,11:30:19.652000,1,,1,Saturday
clicked_hisab_bus_detail_download_btn,application,2025-12-27,18:38:07.300000,18:38:07.300000,1,,1,Saturday
clicked_hisab_bus_detail_download_btn,application,2026-01-02,10:40:26.286000,10:40:26.286000,1,,1,Friday
clicked_hisab_bus_detail_download_btn,application,2026-01-03,10:20:14.946000,10:20:14.946000,1,,1,Saturday
clicked_hisab_bus_detail_download_btn,application,2026-01-07,12:13:37.604000,12:13:37.604000,1,,1,Wednesday
clicked_hisab_bus_detail_download_btn,application,2026-01-08,09:34:07.950000,17:23:44.364000,2,,2,Thursday
clicked_hisab_bus_detail_download_btn,application,2026-01-09,16:22:02.922000,16:23:00.701000,2,,2,Friday
clicked_hisab_bus_detail_download_btn,application,2026-01-10,17:10:29.120000,17:10:29.120000,1,,1,Saturday
clicked_hisab_bus_detail_download_btn,application,2026-01-14,12:00:18.899000,12:00:18.899000,1,,1,Wednesday
clicked_hisab_bus_detail_download_btn,application,2026-01-26,11:05:19.720000,11:05:19.720000,1,,1,Monday
clicked_hisab_bus_detail_download_btn,application,2026-01-28,11:10:45.790000,18:38:22.666000,2,,2,Wednesday
clicked_hisab_bus_detail_download_btn,application,2026-02-07,08:27:26.555000,10:27:25.454000,2,,2,Saturday
clicked_hisab_bus_detail_download_btn,application,2026-02-09,13:03:43.063000,13:03:43.063000,1,,1,Monday
clicked_hisab_bus_detail_download_btn,application,2026-02-12,17:00:09.093000,19:00:42.674000,2,,2,Thursday
clicked_hisab_bus_detail_download_btn,application,2026-02-13,18:32:56.529000,18:32:56.529000,1,,1,Friday
clicked_hisab_bus_detail_download_btn,application,2026-02-14,08:00:16.598000,12:59:47.783000,2,,2,Saturday
clicked_hisab_bus_detail_download_btn,application,2026-02-15,18:47:04.220000,18:47:04.220000,1,,1,Sunday
clicked_hisab_bus_detail_download_btn,application,2026-02-16,18:41:15.701000,20:58:54.347000,3,,3,Monday
clicked_hisab_bus_detail_today_btn,application,2025-11-30,17:38:05.327000,17:38:05.327000,1,,1,Sunday
clicked_hisab_bus_detail_today_btn,application,2025-12-06,10:23:29.279000,10:23:29.279000,1,,1,Saturday
clicked_hisab_bus_detail_today_btn,application,2025-12-07,04:19:28.967000,16:20:22.102000,2,,2,Sunday
clicked_hisab_bus_detail_today_btn,application,2025-12-17,16:16:54.778000,16:16:54.778000,1,,1,Wednesday
clicked_hisab_bus_detail_today_btn,application,2025-12-18,10:28:51.772000,10:28:51.772000,1,,1,Thursday
clicked_hisab_bus_detail_today_btn,application,2025-12-22,09:26:42.153000,20:19:14.226000,3,,3,Monday
clicked_hisab_bus_detail_today_btn,application,2025-12-23,13:45:19.534000,15:01:26.987000,3,,3,Tuesday
clicked_hisab_bus_detail_today_btn,application,2025-12-24,10:00:56.642000,15:13:06.403000,3,,3,Wednesday
clicked_hisab_bus_detail_today_btn,application,2025-12-26,08:50:33.126000,11:17:26.529000,3,,3,Friday
clicked_hisab_bus_detail_today_btn,application,2025-12-29,13:52:34.612000,13:52:34.612000,1,,1,Monday
clicked_hisab_bus_detail_today_btn,application,2026-01-04,10:55:25.597000,21:03:11.672000,7,,7,Sunday
clicked_hisab_bus_detail_today_btn,application,2026-01-05,09:00:00.638000,17:43:10.842000,5,,5,Monday
clicked_hisab_bus_detail_today_btn,application,2026-01-06,12:13:23.760000,12:13:23.760000,1,,1,Tuesday
clicked_hisab_bus_detail_today_btn,application,2026-01-07,11:47:27.698000,21:32:38.529000,3,,3,Wednesday
clicked_hisab_bus_detail_today_btn,application,2026-01-08,09:34:10.567000,09:34:10.567000,1,,1,Thursday
clicked_hisab_bus_detail_today_btn,application,2026-01-09,11:02:58.040000,11:02:58.040000,1,,1,Friday
clicked_hisab_bus_detail_today_btn,application,2026-01-14,18:09:54.558000,20:11:37.944000,3,,3,Wednesday
clicked_hisab_bus_detail_today_btn,application,2026-01-15,11:41:15.768000,11:41:17.423000,2,,2,Thursday
clicked_hisab_bus_detail_today_btn,application,2026-01-16,13:20:39.810000,13:20:39.810000,1,,1,Friday
clicked_hisab_bus_detail_today_btn,application,2026-01-23,10:51:31.988000,10:51:31.988000,1,,1,Friday
clicked_hisab_bus_detail_today_btn,application,2026-01-24,17:45:39.220000,17:45:39.220000,1,,1,Saturday
clicked_hisab_bus_detail_today_btn,application,2026-01-26,15:23:23.226000,20:28:42.547000,4,,4,Monday
clicked_hisab_bus_detail_today_btn,application,2026-01-28,11:07:46.713000,18:38:21.582000,4,,4,Wednesday
clicked_hisab_bus_detail_today_btn,application,2026-01-29,13:52:50.683000,18:51:24.759000,2,,2,Thursday
clicked_hisab_bus_detail_today_btn,application,2026-01-30,06:40:41.082000,06:40:43.649000,2,,2,Friday
clicked_hisab_bus_detail_today_btn,application,2026-01-31,19:39:19.348000,19:39:19.348000,1,,1,Saturday
clicked_hisab_bus_detail_today_btn,application,2026-02-02,12:43:16.670000,12:43:16.670000,1,,1,Monday
clicked_hisab_bus_detail_today_btn,application,2026-02-04,10:50:46.374000,17:48:07.619000,4,,4,Wednesday
clicked_hisab_bus_detail_today_btn,application,2026-02-06,20:12:56.125000,20:12:56.125000,1,,1,Friday
clicked_hisab_bus_detail_today_btn,application,2026-02-07,12:05:03.464000,12:05:03.464000,1,,1,Saturday
clicked_hisab_bus_detail_today_btn,application,2026-02-10,09:21:18.615000,10:10:22.783000,2,,2,Tuesday
clicked_hisab_bus_detail_today_btn,application,2026-02-12,09:57:25.978000,19:11:53.740000,6,,6,Thursday
clicked_hisab_bus_detail_today_btn,application,2026-02-13,08:31:56.427000,18:32:55.645000,9,,9,Friday
clicked_hisab_bus_detail_today_btn,application,2026-02-14,12:02:46.202000,12:09:12.043000,5,,5,Saturday
clicked_hisab_bus_detail_today_btn,application,2026-02-15,17:27:59.537000,17:27:59.537000,1,,1,Sunday
clicked_hisab_bus_detail_today_btn,application,2026-02-16,07:41:34.907000,18:41:15.270000,4,,4,Monday
clicked_hisab_bus_detail_today_btn,application,2026-02-17,12:36:25.500000,12:48:11.436000,2,,2,Tuesday
clicked_hisab_bus_detail_today_btn,application,2026-02-18,07:50:50.743000,21:25:25.850000,4,,4,Wednesday
clicked_hisab_bus_detail_today_btn,application,2026-02-19,13:49:39.556000,13:49:39.556000,1,,1,Thursday
clicked_hisab_bus_detail_yeaterday_btn,application,2025-11-28,13:20:48.151000,13:20:48.506000,2,,2,Friday
clicked_hisab_bus_detail_yeaterday_btn,application,2025-12-06,10:00:41.310000,14:33:24.907000,4,,4,Saturday
clicked_hisab_bus_detail_yeaterday_btn,application,2025-12-07,16:20:19.733000,16:20:19.733000,1,,1,Sunday
clicked_hisab_bus_detail_yeaterday_btn,application,2025-12-08,17:04:17.001000,17:04:17.001000,1,,1,Monday
clicked_hisab_bus_detail_yeaterday_btn,application,2025-12-09,14:19:24.466000,14:19:24.466000,1,,1,Tuesday
clicked_hisab_bus_detail_yeaterday_btn,application,2025-12-12,17:55:18.621000,17:55:18.621000,1,,1,Friday
clicked_hisab_bus_detail_yeaterday_btn,application,2025-12-15,01:11:02.416000,01:11:03.280000,2,,2,Monday
clicked_hisab_bus_detail_yeaterday_btn,application,2025-12-16,07:48:10.916000,07:48:10.916000,1,,1,Tuesday
clicked_hisab_bus_detail_yeaterday_btn,application,2025-12-18,12:42:50.304000,16:20:24.523000,11,,11,Thursday
clicked_hisab_bus_detail_yeaterday_btn,application,2025-12-19,06:52:11.067000,14:40:18.290000,6,,6,Friday
clicked_hisab_bus_detail_yeaterday_btn,application,2025-12-20,09:39:05.989000,17:59:12.864000,11,,11,Saturday
clicked_hisab_bus_detail_yeaterday_btn,application,2025-12-21,14:21:01.373000,19:39:28.205000,3,,3,Sunday
clicked_hisab_bus_detail_yeaterday_btn,application,2025-12-22,07:44:59.688000,20:19:08.251000,13,,13,Monday
clicked_hisab_bus_detail_yeaterday_btn,application,2025-12-23,08:20:58.191000,15:01:25.053000,9,,9,Tuesday
clicked_hisab_bus_detail_yeaterday_btn,application,2025-12-24,10:00:55.725000,14:00:15.532000,11,,11,Wednesday
clicked_hisab_bus_detail_yeaterday_btn,application,2025-12-25,06:58:31.389000,13:50:58.389000,3,,3,Thursday
clicked_hisab_bus_detail_yeaterday_btn,application,2025-12-26,06:53:44.691000,18:04:05.515000,8,,8,Friday
clicked_hisab_bus_detail_yeaterday_btn,application,2025-12-27,09:30:39.343000,12:06:18.616000,8,,8,Saturday
clicked_hisab_bus_detail_yeaterday_btn,application,2025-12-28,09:20:41.263000,14:41:15.427000,15,,15,Sunday
clicked_hisab_bus_detail_yeaterday_btn,application,2025-12-29,10:05:40.940000,19:05:28.204000,7,,7,Monday
clicked_hisab_bus_detail_yeaterday_btn,application,2025-12-30,09:43:55.653000,12:51:19.269000,4,,4,Tuesday
clicked_hisab_bus_detail_yeaterday_btn,application,2025-12-31,08:53:11.487000,17:27:48.575000,15,,15,Wednesday
clicked_hisab_bus_detail_yeaterday_btn,application,2026-01-01,08:23:02.306000,12:43:00.381000,10,,10,Thursday
clicked_hisab_bus_detail_yeaterday_btn,application,2026-01-02,09:53:58.423000,21:00:48.888000,10,,10,Friday
clicked_hisab_bus_detail_yeaterday_btn,application,2026-01-03,07:26:03.989000,12:46:58.402000,5,,5,Saturday
clicked_hisab_bus_detail_yeaterday_btn,application,2026-01-04,09:03:36.412000,21:03:12.987000,10,,10,Sunday
clicked_hisab_bus_detail_yeaterday_btn,application,2026-01-05,08:40:37.904000,13:44:17.581000,9,,9,Monday
clicked_hisab_bus_detail_yeaterday_btn,application,2026-01-06,09:46:36.669000,12:13:16.034000,5,,5,Tuesday
clicked_hisab_bus_detail_yeaterday_btn,application,2026-01-07,15:22:32.185000,21:32:35.715000,2,,2,Wednesday
clicked_hisab_bus_detail_yeaterday_btn,application,2026-01-08,06:41:07.946000,17:23:47.623000,10,,10,Thursday
clicked_hisab_bus_detail_yeaterday_btn,application,2026-01-09,09:48:35.665000,19:15:04.807000,4,,4,Friday
clicked_hisab_bus_detail_yeaterday_btn,application,2026-01-10,08:19:57.155000,11:07:50.137000,3,,3,Saturday
clicked_hisab_bus_detail_yeaterday_btn,application,2026-01-11,08:00:46.579000,12:37:58.641000,2,,2,Sunday
clicked_hisab_bus_detail_yeaterday_btn,application,2026-01-12,08:31:27.985000,08:31:27.985000,1,,1,Monday
clicked_hisab_bus_detail_yeaterday_btn,application,2026-01-14,09:10:20.487000,18:09:49.804000,8,,8,Wednesday
clicked_hisab_bus_detail_yeaterday_btn,application,2026-01-15,22:42:19.406000,22:42:19.406000,1,,1,Thursday
clicked_hisab_bus_detail_yeaterday_btn,application,2026-01-16,09:47:51.440000,20:54:46.365000,2,,2,Friday
clicked_hisab_bus_detail_yeaterday_btn,application,2026-01-17,10:40:42.984000,21:45:36.410000,3,,3,Saturday
clicked_hisab_bus_detail_yeaterday_btn,application,2026-01-23,03:17:39.076000,10:20:26.615000,5,,5,Friday
clicked_hisab_bus_detail_yeaterday_btn,application,2026-01-24,09:43:28.429000,18:44:26.036000,5,,5,Saturday
clicked_hisab_bus_detail_yeaterday_btn,application,2026-01-25,12:29:47.202000,21:07:40.450000,2,,2,Sunday
clicked_hisab_bus_detail_yeaterday_btn,application,2026-01-26,20:28:30.514000,20:28:44.448000,4,,4,Monday
clicked_hisab_bus_detail_yeaterday_btn,application,2026-01-27,08:42:33.400000,14:40:56.611000,3,,3,Tuesday
clicked_hisab_bus_detail_yeaterday_btn,application,2026-01-28,07:40:05.968000,20:43:20.934000,2,,2,Wednesday
clicked_hisab_bus_detail_yeaterday_btn,application,2026-01-29,11:56:37.891000,19:58:17.104000,12,,12,Thursday
clicked_hisab_bus_detail_yeaterday_btn,application,2026-01-30,09:25:22.291000,14:54:09.980000,2,,2,Friday
clicked_hisab_bus_detail_yeaterday_btn,application,2026-01-31,13:04:48.478000,19:39:18.723000,2,,2,Saturday
clicked_hisab_bus_detail_yeaterday_btn,application,2026-02-02,07:09:56.559000,15:46:06.810000,29,,29,Monday
clicked_hisab_bus_detail_yeaterday_btn,application,2026-02-03,08:36:40.504000,13:58:12.427000,8,,8,Tuesday
clicked_hisab_bus_detail_yeaterday_btn,application,2026-02-04,10:50:44.372000,17:47:59.721000,12,,12,Wednesday
clicked_hisab_bus_detail_yeaterday_btn,application,2026-02-05,12:05:26.185000,17:34:59.605000,3,,3,Thursday
clicked_hisab_bus_detail_yeaterday_btn,application,2026-02-06,14:19:28.378000,14:19:28.378000,1,,1,Friday
clicked_hisab_bus_detail_yeaterday_btn,application,2026-02-07,08:19:38.106000,19:12:35.180000,13,,13,Saturday
clicked_hisab_bus_detail_yeaterday_btn,application,2026-02-08,11:11:19.466000,11:11:19.466000,1,,1,Sunday
clicked_hisab_bus_detail_yeaterday_btn,application,2026-02-09,07:02:57.791000,21:27:46.033000,7,,7,Monday
clicked_hisab_bus_detail_yeaterday_btn,application,2026-02-10,09:11:11.509000,14:12:10.343000,7,,7,Tuesday
clicked_hisab_bus_detail_yeaterday_btn,application,2026-02-11,20:38:11.272000,20:38:11.272000,1,,1,Wednesday
clicked_hisab_bus_detail_yeaterday_btn,application,2026-02-12,10:38:15.319000,19:11:30.295000,11,,11,Thursday
clicked_hisab_bus_detail_yeaterday_btn,application,2026-02-13,08:20:33.051000,21:49:58.437000,8,,8,Friday
clicked_hisab_bus_detail_yeaterday_btn,application,2026-02-14,12:08:21.861000,12:11:23.556000,5,,5,Saturday
clicked_hisab_bus_detail_yeaterday_btn,application,2026-02-15,10:24:17.436000,20:58:13.752000,7,,7,Sunday
clicked_hisab_bus_detail_yeaterday_btn,application,2026-02-16,09:04:06.758000,20:46:59.436000,11,,11,Monday
clicked_hisab_bus_detail_yeaterday_btn,application,2026-02-17,07:50:03.714000,16:47:56.790000,6,,6,Tuesday
clicked_hisab_bus_detail_yeaterday_btn,application,2026-02-18,07:46:58.114000,16:30:15.675000,12,,12,Wednesday
clicked_hisab_bus_detail_yeaterday_btn,application,2026-02-19,09:28:29.388000,20:17:35.253000,6,,6,Thursday
clicked_hisab_coustom_date_btn,application,2025-11-28,06:44:59.562000,19:17:07.370000,10,,10,Friday
clicked_hisab_coustom_date_btn,application,2025-11-29,05:04:46.668000,22:25:29.123000,62,,62,Saturday
clicked_hisab_coustom_date_btn,application,2025-11-30,08:42:21.762000,22:12:01.887000,20,,20,Sunday
clicked_hisab_coustom_date_btn,application,2025-12-01,07:57:01.448000,17:20:02.578000,5,,5,Monday
clicked_hisab_coustom_date_btn,application,2025-12-02,08:13:04.461000,18:39:25.065000,14,,14,Tuesday
clicked_hisab_coustom_date_btn,application,2025-12-03,11:32:29.036000,14:53:40.706000,26,,26,Wednesday
clicked_hisab_coustom_date_btn,application,2025-12-05,14:54:52.352000,19:10:36.389000,5,,5,Friday
clicked_hisab_coustom_date_btn,application,2025-12-06,11:14:30.191000,20:41:38.604000,29,,29,Saturday
clicked_hisab_coustom_date_btn,application,2025-12-07,04:17:16.386000,19:54:23.668000,12,,12,Sunday
clicked_hisab_coustom_date_btn,application,2025-12-08,06:35:05.974000,15:24:00.745000,19,,19,Monday
clicked_hisab_coustom_date_btn,application,2025-12-09,12:22:59.961000,20:08:52.588000,7,,7,Tuesday
clicked_hisab_coustom_date_btn,application,2025-12-10,05:41:13.815000,05:46:49.008000,10,,10,Wednesday
clicked_hisab_coustom_date_btn,application,2025-12-11,16:57:29.986000,16:57:29.986000,1,,1,Thursday
clicked_hisab_coustom_date_btn,application,2025-12-12,10:38:47.394000,17:17:36.072000,7,,7,Friday
clicked_hisab_coustom_date_btn,application,2025-12-13,09:56:48.096000,21:14:37.395000,29,,29,Saturday
clicked_hisab_coustom_date_btn,application,2025-12-14,09:58:32.037000,17:01:16.807000,14,,14,Sunday
clicked_hisab_coustom_date_btn,application,2025-12-15,03:11:11.438000,19:16:05.188000,21,,21,Monday
clicked_hisab_coustom_date_btn,application,2025-12-16,07:54:31.426000,18:29:42.612000,26,,26,Tuesday
clicked_hisab_coustom_date_btn,application,2025-12-17,00:40:12.320000,00:45:48.921000,27,,27,Wednesday
clicked_hisab_coustom_date_btn,application,2025-12-18,06:54:17.518000,21:56:17.412000,11,,11,Thursday
clicked_hisab_coustom_date_btn,application,2025-12-19,00:52:11.340000,18:52:44.046000,44,,44,Friday
clicked_hisab_coustom_date_btn,application,2025-12-20,04:09:46.002000,19:17:23.317000,13,,13,Saturday
clicked_hisab_coustom_date_btn,application,2025-12-21,14:21:16.110000,19:17:20.545000,20,,20,Sunday
clicked_hisab_coustom_date_btn,application,2025-12-22,08:02:01.730000,17:46:32.596000,21,,21,Monday
clicked_hisab_coustom_date_btn,application,2025-12-23,08:51:07.899000,18:11:27.529000,29,,29,Tuesday
clicked_hisab_coustom_date_btn,application,2025-12-24,08:15:18.750000,21:26:39.979000,18,,18,Wednesday
clicked_hisab_coustom_date_btn,application,2025-12-25,05:14:28.070000,16:02:07.576000,18,,18,Thursday
clicked_hisab_coustom_date_btn,application,2025-12-26,06:40:46.608000,19:05:37.086000,37,,37,Friday
clicked_hisab_coustom_date_btn,application,2025-12-27,00:23:39.164000,11:47:30.496000,13,,13,Saturday
clicked_hisab_coustom_date_btn,application,2025-12-28,07:15:04.630000,17:54:54.339000,36,,36,Sunday
clicked_hisab_coustom_date_btn,application,2025-12-29,06:58:52.311000,16:58:40.796000,29,,29,Monday
clicked_hisab_coustom_date_btn,application,2025-12-30,07:22:17.729000,13:58:14.175000,34,,34,Tuesday
clicked_hisab_coustom_date_btn,application,2025-12-31,01:31:34.471000,23:10:25.803000,20,,20,Wednesday
clicked_hisab_coustom_date_btn,application,2026-01-01,08:03:07.159000,15:19:11.687000,21,,21,Thursday
clicked_hisab_coustom_date_btn,application,2026-01-02,08:48:22.106000,12:24:45.896000,3,,3,Friday
clicked_hisab_coustom_date_btn,application,2026-01-03,12:47:37.472000,22:16:57.684000,18,,18,Saturday
clicked_hisab_coustom_date_btn,application,2026-01-04,00:00:24.554000,22:38:28.060000,56,,56,Sunday
clicked_hisab_coustom_date_btn,application,2026-01-05,08:59:27.711000,22:02:39.563000,38,,38,Monday
clicked_hisab_coustom_date_btn,application,2026-01-06,08:43:36.169000,18:54:28.822000,9,,9,Tuesday
clicked_hisab_coustom_date_btn,application,2026-01-07,09:52:27.791000,21:23:49.826000,52,,52,Wednesday
clicked_hisab_coustom_date_btn,application,2026-01-08,07:26:27.515000,13:28:52.666000,10,,10,Thursday
clicked_hisab_coustom_date_btn,application,2026-01-09,09:48:42.409000,18:59:38.430000,20,,20,Friday
clicked_hisab_coustom_date_btn,application,2026-01-10,06:18:01.066000,21:18:59.804000,56,,56,Saturday
clicked_hisab_coustom_date_btn,application,2026-01-11,07:07:59.011000,18:42:34.253000,22,,22,Sunday
clicked_hisab_coustom_date_btn,application,2026-01-12,07:06:46.162000,22:20:38.237000,67,,67,Monday
clicked_hisab_coustom_date_btn,application,2026-01-13,13:21:21.673000,21:35:57.714000,14,,14,Tuesday
clicked_hisab_coustom_date_btn,application,2026-01-14,06:14:24.678000,18:54:37.798000,50,,50,Wednesday
clicked_hisab_coustom_date_btn,application,2026-01-15,07:11:09.958000,20:15:05.215000,19,,19,Thursday
clicked_hisab_coustom_date_btn,application,2026-01-16,09:06:40.668000,18:45:55.109000,16,,16,Friday
clicked_hisab_coustom_date_btn,application,2026-01-17,07:26:28.566000,17:19:38.803000,18,,18,Saturday
clicked_hisab_coustom_date_btn,application,2026-01-18,09:36:56.455000,09:37:13.949000,3,,3,Sunday
clicked_hisab_coustom_date_btn,application,2026-01-23,10:11:58.403000,17:38:03.347000,29,,29,Friday
clicked_hisab_coustom_date_btn,application,2026-01-24,13:14:07.405000,21:28:14.514000,7,,7,Saturday
clicked_hisab_coustom_date_btn,application,2026-01-25,10:52:26.840000,17:28:25.253000,30,,30,Sunday
clicked_hisab_coustom_date_btn,application,2026-01-26,09:04:03.130000,20:55:18.260000,86,,86,Monday
clicked_hisab_coustom_date_btn,application,2026-01-27,07:47:48.613000,23:29:04.276000,84,,84,Tuesday
clicked_hisab_coustom_date_btn,application,2026-01-28,09:31:43.538000,23:11:11.606000,30,,30,Wednesday
clicked_hisab_coustom_date_btn,application,2026-01-29,08:19:55.633000,22:04:34.084000,39,,39,Thursday
clicked_hisab_coustom_date_btn,application,2026-01-30,07:12:39.332000,21:09:29.981000,15,,15,Friday
clicked_hisab_coustom_date_btn,application,2026-01-31,09:09:10.036000,20:38:09.060000,56,,56,Saturday
clicked_hisab_coustom_date_btn,application,2026-02-01,14:33:07.785000,14:33:07.785000,1,,1,Sunday
clicked_hisab_coustom_date_btn,application,2026-02-02,11:06:40.524000,19:27:49.132000,5,,5,Monday
clicked_hisab_coustom_date_btn,application,2026-02-03,09:01:44.402000,21:34:35.909000,11,,11,Tuesday
clicked_hisab_coustom_date_btn,application,2026-02-04,06:34:13.810000,14:43:23.202000,17,,17,Wednesday
clicked_hisab_coustom_date_btn,application,2026-02-05,08:40:42.806000,17:32:26.823000,4,,4,Thursday
clicked_hisab_coustom_date_btn,application,2026-02-06,09:14:49.762000,20:52:01.371000,39,,39,Friday
clicked_hisab_coustom_date_btn,application,2026-02-07,07:09:11.692000,23:33:16.671000,71,,71,Saturday
clicked_hisab_coustom_date_btn,application,2026-02-08,08:53:37.080000,21:06:58.526000,21,,21,Sunday
clicked_hisab_coustom_date_btn,application,2026-02-09,06:11:44.653000,18:52:14.308000,48,,48,Monday
clicked_hisab_coustom_date_btn,application,2026-02-10,06:01:32.436000,19:27:45.384000,5,,5,Tuesday
clicked_hisab_coustom_date_btn,application,2026-02-11,06:19:56.644000,20:38:29.359000,21,,21,Wednesday
clicked_hisab_coustom_date_btn,application,2026-02-12,09:06:28.611000,21:01:11.245000,49,,49,Thursday
clicked_hisab_coustom_date_btn,application,2026-02-13,09:12:36.503000,20:21:27.189000,44,,44,Friday
clicked_hisab_coustom_date_btn,application,2026-02-14,07:38:23.072000,19:04:22.370000,18,,18,Saturday
clicked_hisab_coustom_date_btn,application,2026-02-15,08:16:49.811000,22:23:38.387000,25,,25,Sunday
clicked_hisab_coustom_date_btn,application,2026-02-16,07:16:26.001000,14:32:37.586000,24,,24,Monday
clicked_hisab_coustom_date_btn,application,2026-02-17,07:56:06.271000,18:32:41.566000,32,,32,Tuesday
clicked_hisab_coustom_date_btn,application,2026-02-18,05:31:14.726000,18:37:16.577000,33,,33,Wednesday
clicked_hisab_coustom_date_btn,application,2026-02-19,06:18:32.979000,13:53:34.481000,29,,29,Thursday
clicked_hisab_download_btn,application,2025-12-07,08:55:58.122000,08:55:58.122000,1,,1,Sunday
clicked_hisab_download_btn,application,2025-12-18,09:17:03.930000,09:17:03.930000,1,,1,Thursday
clicked_hisab_download_btn,application,2025-12-23,04:48:54.160000,10:40:47.161000,3,,3,Tuesday
clicked_hisab_download_btn,application,2025-12-25,10:43:48.115000,10:43:48.115000,1,,1,Thursday
clicked_hisab_download_btn,application,2025-12-27,11:07:11.342000,11:07:11.342000,1,,1,Saturday
clicked_hisab_download_btn,application,2025-12-28,07:08:35.769000,07:08:35.769000,1,,1,Sunday
clicked_hisab_download_btn,application,2025-12-29,10:26:08.167000,17:26:19.734000,2,,2,Monday
clicked_hisab_download_btn,application,2025-12-30,09:31:37.790000,09:31:37.790000,1,,1,Tuesday
clicked_hisab_download_btn,application,2025-12-31,07:25:32.313000,07:27:51.051000,2,,2,Wednesday
clicked_hisab_download_btn,application,2026-01-03,14:10:03.465000,14:10:03.465000,1,,1,Saturday
clicked_hisab_download_btn,application,2026-01-04,11:50:01.194000,12:58:59.250000,2,,2,Sunday
clicked_hisab_download_btn,application,2026-01-05,08:54:29.336000,17:08:17.488000,12,,12,Monday
clicked_hisab_download_btn,application,2026-01-07,20:55:53.112000,20:58:16.404000,2,,2,Wednesday
clicked_hisab_download_btn,application,2026-01-08,07:47:51.449000,07:47:51.449000,1,,1,Thursday
clicked_hisab_download_btn,application,2026-01-10,17:09:38.582000,17:09:38.582000,1,,1,Saturday
clicked_hisab_download_btn,application,2026-01-11,09:37:24.217000,09:37:24.217000,3,,3,Sunday
clicked_hisab_download_btn,application,2026-01-12,08:52:53.664000,08:52:53.664000,1,,1,Monday
clicked_hisab_download_btn,application,2026-01-16,21:11:22.365000,21:11:22.365000,1,,1,Friday
clicked_hisab_download_btn,application,2026-01-17,14:19:52.052000,14:21:31.038000,2,,2,Saturday
clicked_hisab_download_btn,application,2026-01-26,11:03:48.633000,11:03:48.633000,1,,1,Monday
clicked_hisab_download_btn,application,2026-01-28,18:38:34.917000,20:16:25.600000,2,,2,Wednesday
clicked_hisab_download_btn,application,2026-01-29,12:11:32.156000,12:29:59.134000,2,,2,Thursday
clicked_hisab_download_btn,application,2026-01-31,14:28:39.675000,14:28:39.675000,1,,1,Saturday
clicked_hisab_download_btn,application,2026-02-01,16:19:34.735000,16:19:34.735000,1,,1,Sunday
clicked_hisab_download_btn,application,2026-02-02,10:11:53.041000,20:40:05.825000,2,,2,Monday
clicked_hisab_download_btn,application,2026-02-07,09:13:56.545000,18:38:21.298000,2,,2,Saturday
clicked_hisab_download_btn,application,2026-02-09,08:30:01.971000,08:30:01.971000,1,,1,Monday
clicked_hisab_download_btn,application,2026-02-10,10:10:22.649000,10:10:22.649000,1,,1,Tuesday
clicked_hisab_download_btn,application,2026-02-11,15:41:12.527000,18:09:40.756000,3,,3,Wednesday
clicked_hisab_download_btn,application,2026-02-12,13:28:53.153000,19:02:04.318000,8,,8,Thursday
clicked_hisab_download_btn,application,2026-02-14,11:57:23.007000,16:38:14.098000,2,,2,Saturday
clicked_hisab_download_btn,application,2026-02-15,20:49:02.079000,20:49:02.079000,1,,1,Sunday
clicked_hisab_download_btn,application,2026-02-16,09:12:16.247000,09:12:16.247000,1,,1,Monday
clicked_hisab_download_btn,application,2026-02-17,08:53:51.510000,18:32:51.667000,2,,2,Tuesday
clicked_hisab_download_btn,application,2026-02-18,11:50:44.076000,16:03:13.851000,2,,2,Wednesday
clicked_hisab_download_btn,application,2026-02-19,10:08:09.801000,10:08:09.801000,1,,1,Thursday
clicked_hisab_today_btn,application,2025-11-29,07:46:55.124000,09:18:58.414000,33,,33,Saturday
clicked_hisab_today_btn,application,2025-12-01,10:37:47.038000,20:53:13.312000,5,,5,Monday
clicked_hisab_today_btn,application,2025-12-04,09:24:22.017000,09:58:25.316000,7,,7,Thursday
clicked_hisab_today_btn,application,2025-12-05,17:09:26.937000,17:58:50.232000,3,,3,Friday
clicked_hisab_today_btn,application,2025-12-06,13:18:04.271000,21:19:26.851000,3,,3,Saturday
clicked_hisab_today_btn,application,2025-12-08,09:40:09.558000,09:40:09.558000,1,,1,Monday
clicked_hisab_today_btn,application,2025-12-09,10:55:58.409000,10:55:58.409000,1,,1,Tuesday
clicked_hisab_today_btn,application,2025-12-10,05:40:45.959000,09:02:04.541000,4,,4,Wednesday
clicked_hisab_today_btn,application,2025-12-11,12:40:59.764000,23:16:24.401000,12,,12,Thursday
clicked_hisab_today_btn,application,2025-12-12,12:49:44.604000,12:49:44.604000,1,,1,Friday
clicked_hisab_today_btn,application,2025-12-13,11:30:02.295000,21:30:41.874000,5,,5,Saturday
clicked_hisab_today_btn,application,2025-12-15,07:39:37.486000,20:29:46.341000,5,,5,Monday
clicked_hisab_today_btn,application,2025-12-16,14:32:09.860000,19:33:41.185000,3,,3,Tuesday
clicked_hisab_today_btn,application,2025-12-18,09:16:48.260000,19:34:26.671000,5,,5,Thursday
clicked_hisab_today_btn,application,2025-12-19,07:59:11.033000,16:57:28.976000,16,,16,Friday
clicked_hisab_today_btn,application,2025-12-20,14:22:52.087000,18:48:22.113000,4,,4,Saturday
clicked_hisab_today_btn,application,2025-12-21,07:44:29.355000,18:04:37.596000,19,,19,Sunday
clicked_hisab_today_btn,application,2025-12-22,08:12:56.200000,17:43:20.892000,36,,36,Monday
clicked_hisab_today_btn,application,2025-12-23,02:11:14.023000,18:54:11.426000,14,,14,Tuesday
clicked_hisab_today_btn,application,2025-12-24,10:00:21.889000,14:03:01.829000,5,,5,Wednesday
clicked_hisab_today_btn,application,2025-12-25,08:08:00.083000,17:45:57.730000,8,,8,Thursday
clicked_hisab_today_btn,application,2025-12-26,07:57:27.907000,20:56:39.744000,12,,12,Friday
clicked_hisab_today_btn,application,2025-12-28,07:22:29.069000,19:20:43.907000,11,,11,Sunday
clicked_hisab_today_btn,application,2025-12-29,03:27:32.238000,13:50:23.385000,6,,6,Monday
clicked_hisab_today_btn,application,2025-12-30,10:21:45.223000,20:36:23.067000,5,,5,Tuesday
clicked_hisab_today_btn,application,2025-12-31,07:27:46.667000,13:49:35.544000,23,,23,Wednesday
clicked_hisab_today_btn,application,2026-01-01,07:53:30.460000,20:01:09.453000,6,,6,Thursday
clicked_hisab_today_btn,application,2026-01-03,10:53:35.094000,14:18:16.680000,6,,6,Saturday
clicked_hisab_today_btn,application,2026-01-04,10:56:33.760000,22:35:23.134000,8,,8,Sunday
clicked_hisab_today_btn,application,2026-01-05,07:48:11.666000,09:13:31.798000,25,,25,Monday
clicked_hisab_today_btn,application,2026-01-06,10:08:24.900000,12:57:56.984000,7,,7,Tuesday
clicked_hisab_today_btn,application,2026-01-07,07:32:36.720000,21:29:48.147000,7,,7,Wednesday
clicked_hisab_today_btn,application,2026-01-08,09:08:47.154000,20:01:53.870000,9,,9,Thursday
clicked_hisab_today_btn,application,2026-01-09,07:11:31.344000,17:49:32.685000,5,,5,Friday
clicked_hisab_today_btn,application,2026-01-10,09:59:12.443000,15:17:16.954000,3,,3,Saturday
clicked_hisab_today_btn,application,2026-01-11,12:18:14.315000,21:31:10.010000,5,,5,Sunday
clicked_hisab_today_btn,application,2026-01-12,11:28:05.859000,22:18:42.376000,4,,4,Monday
clicked_hisab_today_btn,application,2026-01-13,09:00:33.210000,13:54:02.040000,3,,3,Tuesday
clicked_hisab_today_btn,application,2026-01-14,09:05:25.485000,09:05:25.485000,1,,1,Wednesday
clicked_hisab_today_btn,application,2026-01-15,12:40:21.571000,19:01:52.470000,6,,6,Thursday
clicked_hisab_today_btn,application,2026-01-16,08:47:32.852000,14:11:33.776000,3,,3,Friday
clicked_hisab_today_btn,application,2026-01-17,07:38:39.706000,19:16:46.551000,8,,8,Saturday
clicked_hisab_today_btn,application,2026-01-23,00:10:59.211000,18:19:21.776000,3,,3,Friday
clicked_hisab_today_btn,application,2026-01-24,10:18:03.084000,20:59:17.419000,4,,4,Saturday
clicked_hisab_today_btn,application,2026-01-25,12:26:20.322000,20:01:13.528000,2,,2,Sunday
clicked_hisab_today_btn,application,2026-01-26,14:07:23.404000,14:07:23.404000,1,,1,Monday
clicked_hisab_today_btn,application,2026-01-27,10:51:56.666000,10:51:56.666000,1,,1,Tuesday
clicked_hisab_today_btn,application,2026-01-28,19:02:00.572000,20:07:35.005000,3,,3,Wednesday
clicked_hisab_today_btn,application,2026-01-29,08:38:37.874000,21:20:09.166000,19,,19,Thursday
clicked_hisab_today_btn,application,2026-01-30,17:58:19.663000,17:58:19.663000,1,,1,Friday
clicked_hisab_today_btn,application,2026-01-31,07:16:26.255000,22:20:26.729000,6,,6,Saturday
clicked_hisab_today_btn,application,2026-02-01,18:18:09.670000,18:18:09.670000,1,,1,Sunday
clicked_hisab_today_btn,application,2026-02-02,06:51:57.810000,21:08:48.448000,10,,10,Monday
clicked_hisab_today_btn,application,2026-02-03,09:17:27.143000,15:19:07.945000,19,,19,Tuesday
clicked_hisab_today_btn,application,2026-02-04,09:42:41.802000,20:45:12.389000,7,,7,Wednesday
clicked_hisab_today_btn,application,2026-02-05,18:37:44.577000,18:37:44.577000,1,,1,Thursday
clicked_hisab_today_btn,application,2026-02-06,16:44:32.692000,19:08:48.755000,2,,2,Friday
clicked_hisab_today_btn,application,2026-02-07,00:24:07.839000,22:33:43.116000,12,,12,Saturday
clicked_hisab_today_btn,application,2026-02-08,02:41:53.572000,12:58:30.897000,3,,3,Sunday
clicked_hisab_today_btn,application,2026-02-09,18:00:15.829000,18:00:15.829000,1,,1,Monday
clicked_hisab_today_btn,application,2026-02-10,09:26:36.077000,15:10:42.854000,5,,5,Tuesday
clicked_hisab_today_btn,application,2026-02-11,07:36:35.786000,22:57:06.819000,9,,9,Wednesday
clicked_hisab_today_btn,application,2026-02-12,08:48:25.652000,18:43:12.890000,45,,45,Thursday
clicked_hisab_today_btn,application,2026-02-13,08:54:28.045000,22:03:44.453000,24,,24,Friday
clicked_hisab_today_btn,application,2026-02-14,09:14:49.150000,14:05:50.984000,8,,8,Saturday
clicked_hisab_today_btn,application,2026-02-15,09:45:49.972000,09:45:49.972000,1,,1,Sunday
clicked_hisab_today_btn,application,2026-02-16,07:15:24.378000,21:38:00.668000,13,,13,Monday
clicked_hisab_today_btn,application,2026-02-17,07:23:46.200000,21:16:24.953000,12,,12,Tuesday
clicked_hisab_today_btn,application,2026-02-18,00:46:38.366000,18:25:16.048000,27,,27,Wednesday
clicked_hisab_today_btn,application,2026-02-19,06:18:37.862000,18:33:42.737000,15,,15,Thursday
clicked_hisab_trip_detail_card,application,2025-11-28,06:09:04.428000,16:05:09.642000,3,,3,Friday
clicked_hisab_trip_detail_card,application,2025-11-29,12:08:05.937000,16:52:00.717000,2,,2,Saturday
clicked_hisab_trip_detail_card,application,2025-11-30,08:39:01.076000,08:39:01.076000,1,,1,Sunday
clicked_hisab_trip_detail_card,application,2025-12-01,09:36:22.598000,13:58:57.354000,2,,2,Monday
clicked_hisab_trip_detail_card,application,2025-12-02,08:14:27.269000,08:14:27.269000,1,,1,Tuesday
clicked_hisab_trip_detail_card,application,2025-12-03,17:22:11.943000,17:22:11.943000,1,,1,Wednesday
clicked_hisab_trip_detail_card,application,2025-12-04,09:45:56.398000,11:11:52.283000,3,,3,Thursday
clicked_hisab_trip_detail_card,application,2025-12-05,09:56:47.739000,09:56:47.739000,1,,1,Friday
clicked_hisab_trip_detail_card,application,2025-12-06,08:24:58.315000,19:58:29.531000,15,,15,Saturday
clicked_hisab_trip_detail_card,application,2025-12-07,04:15:57.599000,18:47:09.642000,14,,14,Sunday
clicked_hisab_trip_detail_card,application,2025-12-08,08:13:41.700000,15:32:15.339000,3,,3,Monday
clicked_hisab_trip_detail_card,application,2025-12-09,11:09:32.548000,19:27:52.239000,8,,8,Tuesday
clicked_hisab_trip_detail_card,application,2025-12-10,09:54:05.635000,20:41:39.252000,13,,13,Wednesday
clicked_hisab_trip_detail_card,application,2025-12-11,09:26:58.621000,17:44:50.247000,7,,7,Thursday
clicked_hisab_trip_detail_card,application,2025-12-12,18:49:30.280000,18:49:30.280000,1,,1,Friday
clicked_hisab_trip_detail_card,application,2025-12-13,08:15:20.740000,15:27:06.722000,9,,9,Saturday
clicked_hisab_trip_detail_card,application,2025-12-14,10:22:12.914000,15:48:36.226000,4,,4,Sunday
clicked_hisab_trip_detail_card,application,2025-12-15,08:09:09.811000,17:42:31.203000,2,,2,Monday
clicked_hisab_trip_detail_card,application,2025-12-16,11:15:06.461000,19:23:37.771000,12,,12,Tuesday
clicked_hisab_trip_detail_card,application,2025-12-17,10:29:30.155000,10:29:30.155000,1,,1,Wednesday
clicked_hisab_trip_detail_card,application,2025-12-18,08:47:38.125000,20:45:27.094000,82,,82,Thursday
clicked_hisab_trip_detail_card,application,2025-12-19,06:18:37.066000,21:18:30.276000,150,,150,Friday
clicked_hisab_trip_detail_card,application,2025-12-20,08:08:11.528000,22:52:07.978000,144,,144,Saturday
clicked_hisab_trip_detail_card,application,2025-12-21,07:00:34.856000,21:01:42.878000,133,,133,Sunday
clicked_hisab_trip_detail_card,application,2025-12-22,07:29:32.672000,21:03:45.247000,244,,244,Monday
clicked_hisab_trip_detail_card,application,2025-12-23,07:02:56.161000,19:36:16.227000,177,,177,Tuesday
clicked_hisab_trip_detail_card,application,2025-12-24,07:52:54.628000,21:48:04.948000,119,,119,Wednesday
clicked_hisab_trip_detail_card,application,2025-12-25,07:29:37.646000,22:01:11.226000,123,,123,Thursday
clicked_hisab_trip_detail_card,application,2025-12-26,07:35:43.736000,22:26:42.493000,155,,155,Friday
clicked_hisab_trip_detail_card,application,2025-12-27,08:14:37.985000,19:06:02.612000,74,,74,Saturday
clicked_hisab_trip_detail_card,application,2025-12-28,08:10:49.933000,18:55:09.928000,73,,73,Sunday
clicked_hisab_trip_detail_card,application,2025-12-29,07:01:18.833000,22:01:21.632000,45,,45,Monday
clicked_hisab_trip_detail_card,application,2025-12-30,05:23:06.661000,19:51:56.897000,58,,58,Tuesday
clicked_hisab_trip_detail_card,application,2025-12-31,05:34:02.422000,21:24:02.942000,91,,91,Wednesday
clicked_hisab_trip_detail_card,application,2026-01-01,07:32:19.252000,19:28:38.019000,111,,111,Thursday
clicked_hisab_trip_detail_card,application,2026-01-02,07:48:05.904000,21:02:22.837000,62,,62,Friday
clicked_hisab_trip_detail_card,application,2026-01-03,07:45:01.245000,21:39:15.471000,110,,110,Saturday
clicked_hisab_trip_detail_card,application,2026-01-04,06:29:33.139000,22:32:13.245000,235,,235,Sunday
clicked_hisab_trip_detail_card,application,2026-01-05,00:00:42.717000,21:35:23.839000,275,,275,Monday
clicked_hisab_trip_detail_card,application,2026-01-06,07:45:22.721000,22:40:59.871000,37,,37,Tuesday
clicked_hisab_trip_detail_card,application,2026-01-07,07:38:29.413000,21:27:46.683000,74,,74,Wednesday
clicked_hisab_trip_detail_card,application,2026-01-08,06:39:52.988000,19:33:53.235000,81,,81,Thursday
clicked_hisab_trip_detail_card,application,2026-01-09,07:57:53.784000,23:26:00.839000,50,,50,Friday
clicked_hisab_trip_detail_card,application,2026-01-10,07:15:58.467000,18:49:21.529000,82,,82,Saturday
clicked_hisab_trip_detail_card,application,2026-01-11,08:00:37.954000,20:37:30.644000,55,,55,Sunday
clicked_hisab_trip_detail_card,application,2026-01-12,08:11:02.756000,22:20:10.027000,83,,83,Monday
clicked_hisab_trip_detail_card,application,2026-01-13,07:40:17.764000,20:05:03.352000,70,,70,Tuesday
clicked_hisab_trip_detail_card,application,2026-01-14,07:52:00.238000,21:33:56.709000,101,,101,Wednesday
clicked_hisab_trip_detail_card,application,2026-01-15,06:21:52.781000,19:31:27.742000,103,,103,Thursday
clicked_hisab_trip_detail_card,application,2026-01-16,06:30:54.282000,19:29:41.802000,66,,66,Friday
clicked_hisab_trip_detail_card,application,2026-01-17,07:47:40.472000,21:42:57.898000,97,,97,Saturday
clicked_hisab_trip_detail_card,application,2026-01-18,07:56:37.778000,21:59:47.276000,13,,13,Sunday
clicked_hisab_trip_detail_card,application,2026-01-23,07:26:25.855000,20:21:14.303000,64,,64,Friday
clicked_hisab_trip_detail_card,application,2026-01-24,08:26:34.271000,21:54:15.258000,56,,56,Saturday
clicked_hisab_trip_detail_card,application,2026-01-25,07:51:34.060000,21:45:20.197000,75,,75,Sunday
clicked_hisab_trip_detail_card,application,2026-01-26,07:39:18.946000,21:36:35.251000,106,,106,Monday
clicked_hisab_trip_detail_card,application,2026-01-27,08:01:24.670000,22:31:51.080000,117,,117,Tuesday
clicked_hisab_trip_detail_card,application,2026-01-28,07:19:40.573000,20:44:41.522000,78,,78,Wednesday
clicked_hisab_trip_detail_card,application,2026-01-29,06:51:36.269000,22:15:35.073000,119,,119,Thursday
clicked_hisab_trip_detail_card,application,2026-01-30,08:52:49.775000,20:43:28.691000,36,,36,Friday
clicked_hisab_trip_detail_card,application,2026-01-31,01:33:28.268000,21:14:10.425000,59,,59,Saturday
clicked_hisab_trip_detail_card,application,2026-02-01,06:28:34.884000,22:00:41.811000,79,,79,Sunday
clicked_hisab_trip_detail_card,application,2026-02-02,06:52:03.396000,20:35:19.866000,157,,157,Monday
clicked_hisab_trip_detail_card,application,2026-02-03,06:45:41.520000,20:44:39.961000,149,,149,Tuesday
clicked_hisab_trip_detail_card,application,2026-02-04,06:51:55.406000,21:37:30.790000,118,,118,Wednesday
clicked_hisab_trip_detail_card,application,2026-02-05,02:33:42.631000,19:56:22.900000,90,,90,Thursday
clicked_hisab_trip_detail_card,application,2026-02-06,06:41:54.444000,23:21:05.821000,111,,111,Friday
clicked_hisab_trip_detail_card,application,2026-02-07,05:13:02.046000,23:31:46.715000,148,,148,Saturday
clicked_hisab_trip_detail_card,application,2026-02-08,02:50:25.098000,22:53:25.547000,104,,104,Sunday
clicked_hisab_trip_detail_card,application,2026-02-09,06:35:30.311000,21:32:24.989000,168,,168,Monday
clicked_hisab_trip_detail_card,application,2026-02-10,06:02:39.900000,22:35:46.440000,118,,118,Tuesday
clicked_hisab_trip_detail_card,application,2026-02-11,01:17:20.681000,21:59:48.389000,111,,111,Wednesday
clicked_hisab_trip_detail_card,application,2026-02-12,06:29:55.222000,21:27:14.401000,115,,115,Thursday
clicked_hisab_trip_detail_card,application,2026-02-13,07:08:43.821000,21:49:31.957000,118,,118,Friday
clicked_hisab_trip_detail_card,application,2026-02-14,07:28:48.800000,20:18:39.573000,118,,118,Saturday
clicked_hisab_trip_detail_card,application,2026-02-15,06:16:39.880000,21:02:51.837000,153,,153,Sunday
clicked_hisab_trip_detail_card,application,2026-02-16,06:18:37.793000,21:30:05.183000,151,,151,Monday
clicked_hisab_trip_detail_card,application,2026-02-17,06:29:49.911000,20:42:27.250000,117,,117,Tuesday
clicked_hisab_trip_detail_card,application,2026-02-18,00:45:30.028000,21:59:16.113000,159,,159,Wednesday
clicked_hisab_trip_detail_card,application,2026-02-19,07:00:46.757000,21:53:06.172000,104,,104,Thursday
clicked_hisab_trip_detail_card_download_btn,application,2025-12-18,09:50:18.319000,16:34:30.224000,3,,3,Thursday
clicked_hisab_trip_detail_card_download_btn,application,2025-12-19,11:43:33.312000,11:43:33.312000,1,,1,Friday
clicked_hisab_trip_detail_card_download_btn,application,2025-12-21,19:17:44.421000,19:17:44.421000,1,,1,Sunday
clicked_hisab_trip_detail_card_download_btn,application,2025-12-27,08:26:06.290000,08:26:06.290000,1,,1,Saturday
clicked_hisab_trip_detail_card_download_btn,application,2026-01-02,12:19:39.043000,21:00:43.112000,3,,3,Friday
clicked_hisab_trip_detail_card_download_btn,application,2026-01-05,09:12:19.741000,18:21:45.310000,7,,7,Monday
clicked_hisab_trip_detail_card_download_btn,application,2026-01-09,16:21:03.252000,16:23:09.702000,6,,6,Friday
clicked_hisab_trip_detail_card_download_btn,application,2026-01-10,11:07:28.794000,11:07:28.794000,1,,1,Saturday
clicked_hisab_trip_detail_card_download_btn,application,2026-01-16,13:43:56.558000,14:09:00.519000,2,,2,Friday
clicked_hisab_trip_detail_card_download_btn,application,2026-01-17,14:03:29.844000,14:03:29.844000,1,,1,Saturday
clicked_hisab_trip_detail_card_download_btn,application,2026-01-24,15:16:48.187000,16:24:21.897000,2,,2,Saturday
clicked_hisab_trip_detail_card_download_btn,application,2026-01-28,11:08:42.956000,11:08:42.956000,1,,1,Wednesday
clicked_hisab_trip_detail_card_download_btn,application,2026-01-30,09:31:26.149000,09:31:26.149000,1,,1,Friday
clicked_hisab_trip_detail_card_download_btn,application,2026-02-01,15:55:04.116000,15:55:04.116000,1,,1,Sunday
clicked_hisab_trip_detail_card_download_btn,application,2026-02-05,16:16:26.259000,16:16:26.259000,1,,1,Thursday
clicked_hisab_trip_detail_card_download_btn,application,2026-02-07,12:48:03.275000,17:30:26.780000,3,,3,Saturday
clicked_hisab_trip_detail_card_download_btn,application,2026-02-09,06:51:42.504000,07:06:40.109000,2,,2,Monday
clicked_hisab_trip_detail_card_download_btn,application,2026-02-10,19:42:39.987000,19:42:39.987000,1,,1,Tuesday
clicked_hisab_trip_detail_card_download_btn,application,2026-02-11,14:37:46.667000,15:49:18.520000,4,,4,Wednesday
clicked_hisab_trip_detail_card_download_btn,application,2026-02-12,13:41:08.696000,13:43:21.560000,2,,2,Thursday
clicked_hisab_trip_detail_card_download_btn,application,2026-02-13,17:37:01.273000,17:38:06.574000,4,,4,Friday
clicked_hisab_trip_detail_card_download_btn,application,2026-02-14,08:23:23.594000,12:26:02.948000,3,,3,Saturday
clicked_hisab_trip_detail_card_download_btn,application,2026-02-15,14:13:46.257000,17:27:06.116000,2,,2,Sunday
clicked_hisab_trip_detail_card_download_btn,application,2026-02-16,08:21:16.087000,19:14:43.581000,6,,6,Monday
clicked_hisab_trip_detail_card_download_btn,application,2026-02-17,11:57:39.505000,17:03:58.892000,3,,3,Tuesday
clicked_hisab_trip_detail_card_download_btn,application,2026-02-19,16:43:00.975000,16:43:00.975000,1,,1,Thursday
clicked_hisab_yestarday_btn,application,2025-11-28,08:05:22.295000,16:07:54.190000,4,,4,Friday
clicked_hisab_yestarday_btn,application,2025-11-29,07:29:01.429000,22:57:00.557000,15,,15,Saturday
clicked_hisab_yestarday_btn,application,2025-11-30,12:17:42.876000,14:24:22.573000,3,,3,Sunday
clicked_hisab_yestarday_btn,application,2025-12-01,05:38:32.334000,20:13:18.986000,7,,7,Monday
clicked_hisab_yestarday_btn,application,2025-12-02,06:16:48.519000,14:03:33.266000,3,,3,Tuesday
clicked_hisab_yestarday_btn,application,2025-12-03,00:53:22.708000,16:27:25.744000,6,,6,Wednesday
clicked_hisab_yestarday_btn,application,2025-12-04,09:24:21.842000,17:39:09.685000,9,,9,Thursday
clicked_hisab_yestarday_btn,application,2025-12-05,07:36:56.534000,14:05:21.054000,9,,9,Friday
clicked_hisab_yestarday_btn,application,2025-12-06,07:09:34.010000,21:37:15.118000,24,,24,Saturday
clicked_hisab_yestarday_btn,application,2025-12-07,08:24:58.540000,17:43:52.911000,4,,4,Sunday
clicked_hisab_yestarday_btn,application,2025-12-08,07:56:37.807000,10:35:27.840000,4,,4,Monday
clicked_hisab_yestarday_btn,application,2025-12-09,09:31:24.748000,15:55:50.430000,4,,4,Tuesday
clicked_hisab_yestarday_btn,application,2025-12-10,06:44:58.181000,15:19:24.062000,3,,3,Wednesday
clicked_hisab_yestarday_btn,application,2025-12-11,12:06:02.336000,12:06:02.336000,1,,1,Thursday
clicked_hisab_yestarday_btn,application,2025-12-12,11:31:14.354000,21:23:45.081000,6,,6,Friday
clicked_hisab_yestarday_btn,application,2025-12-13,11:29:16.466000,18:24:54.249000,13,,13,Saturday
clicked_hisab_yestarday_btn,application,2025-12-14,06:13:20.262000,17:05:37.100000,6,,6,Sunday
clicked_hisab_yestarday_btn,application,2025-12-15,03:09:10.531000,15:17:27.862000,5,,5,Monday
clicked_hisab_yestarday_btn,application,2025-12-16,07:02:37.181000,21:25:34.667000,9,,9,Tuesday
clicked_hisab_yestarday_btn,application,2025-12-17,05:26:46.052000,19:19:03.871000,6,,6,Wednesday
clicked_hisab_yestarday_btn,application,2025-12-18,09:21:04.492000,19:34:25.296000,18,,18,Thursday
clicked_hisab_yestarday_btn,application,2025-12-19,05:02:36.972000,21:17:24.174000,25,,25,Friday
clicked_hisab_yestarday_btn,application,2025-12-20,01:10:31.193000,20:01:27.580000,16,,16,Saturday
clicked_hisab_yestarday_btn,application,2025-12-21,01:16:09.380000,18:04:35.079000,25,,25,Sunday
clicked_hisab_yestarday_btn,application,2025-12-22,09:13:06.736000,20:43:12.901000,53,,53,Monday
clicked_hisab_yestarday_btn,application,2025-12-23,02:11:07.789000,18:54:08.744000,30,,30,Tuesday
clicked_hisab_yestarday_btn,application,2025-12-24,07:51:14.347000,20:44:54.173000,23,,23,Wednesday
clicked_hisab_yestarday_btn,application,2025-12-25,07:46:38.180000,19:59:50.539000,62,,62,Thursday
clicked_hisab_yestarday_btn,application,2025-12-26,07:57:21.455000,20:22:49.597000,34,,34,Friday
clicked_hisab_yestarday_btn,application,2025-12-27,00:42:38.973000,22:29:26.833000,25,,25,Saturday
clicked_hisab_yestarday_btn,application,2025-12-28,08:17:26.305000,21:17:40.191000,16,,16,Sunday
clicked_hisab_yestarday_btn,application,2025-12-29,03:28:03.864000,17:37:20.912000,14,,14,Monday
clicked_hisab_yestarday_btn,application,2025-12-30,05:22:31.862000,19:51:36.651000,19,,19,Tuesday
clicked_hisab_yestarday_btn,application,2025-12-31,06:33:35.869000,14:15:36.058000,15,,15,Wednesday
clicked_hisab_yestarday_btn,application,2026-01-01,04:47:38.365000,19:31:04.280000,21,,21,Thursday
clicked_hisab_yestarday_btn,application,2026-01-02,06:18:01.618000,17:00:50.625000,17,,17,Friday
clicked_hisab_yestarday_btn,application,2026-01-03,00:38:46.286000,16:24:03.388000,18,,18,Saturday
clicked_hisab_yestarday_btn,application,2026-01-04,05:28:56.960000,22:35:47.422000,36,,36,Sunday
clicked_hisab_yestarday_btn,application,2026-01-05,00:00:38.348000,17:37:40.621000,33,,33,Monday
clicked_hisab_yestarday_btn,application,2026-01-06,09:46:04.257000,18:39:28.662000,15,,15,Tuesday
clicked_hisab_yestarday_btn,application,2026-01-07,07:48:12.077000,21:29:59.334000,55,,55,Wednesday
clicked_hisab_yestarday_btn,application,2026-01-08,07:48:23.362000,17:32:43.423000,29,,29,Thursday
clicked_hisab_yestarday_btn,application,2026-01-09,08:30:55.461000,20:37:16.007000,20,,20,Friday
clicked_hisab_yestarday_btn,application,2026-01-10,11:35:50.431000,17:26:40.860000,6,,6,Saturday
clicked_hisab_yestarday_btn,application,2026-01-11,07:23:13.801000,21:34:57.997000,16,,16,Sunday
clicked_hisab_yestarday_btn,application,2026-01-12,02:54:49.705000,22:18:40.976000,22,,22,Monday
clicked_hisab_yestarday_btn,application,2026-01-13,07:37:04.029000,22:15:13.282000,11,,11,Tuesday
clicked_hisab_yestarday_btn,application,2026-01-14,06:15:09.817000,16:43:13.511000,19,,19,Wednesday
clicked_hisab_yestarday_btn,application,2026-01-15,08:30:01.345000,18:22:01.612000,13,,13,Thursday
clicked_hisab_yestarday_btn,application,2026-01-16,08:39:11.872000,16:22:57.691000,14,,14,Friday
clicked_hisab_yestarday_btn,application,2026-01-17,05:57:39.279000,19:16:38.775000,19,,19,Saturday
clicked_hisab_yestarday_btn,application,2026-01-23,07:26:12.409000,20:01:25.110000,28,,28,Friday
clicked_hisab_yestarday_btn,application,2026-01-24,11:10:03.084000,20:59:15.427000,10,,10,Saturday
clicked_hisab_yestarday_btn,application,2026-01-25,05:06:49.000000,18:03:33.658000,20,,20,Sunday
clicked_hisab_yestarday_btn,application,2026-01-26,07:39:58.240000,19:48:38.673000,14,,14,Monday
clicked_hisab_yestarday_btn,application,2026-01-27,07:25:22.275000,20:57:57.504000,20,,20,Tuesday
clicked_hisab_yestarday_btn,application,2026-01-28,02:29:07.250000,19:01:29.189000,8,,8,Wednesday
clicked_hisab_yestarday_btn,application,2026-01-29,06:29:57.818000,21:13:57.928000,54,,54,Thursday
clicked_hisab_yestarday_btn,application,2026-01-30,07:08:41.491000,20:43:23.629000,22,,22,Friday
clicked_hisab_yestarday_btn,application,2026-01-31,01:33:23.818000,22:19:38.994000,20,,20,Saturday
clicked_hisab_yestarday_btn,application,2026-02-01,06:28:27.396000,18:17:58.831000,10,,10,Sunday
clicked_hisab_yestarday_btn,application,2026-02-02,06:51:53.841000,21:08:45.232000,19,,19,Monday
clicked_hisab_yestarday_btn,application,2026-02-03,06:28:19.406000,15:15:27.535000,22,,22,Tuesday
clicked_hisab_yestarday_btn,application,2026-02-04,06:47:50.679000,20:45:07.777000,20,,20,Wednesday
clicked_hisab_yestarday_btn,application,2026-02-05,02:33:01.283000,19:29:53.406000,11,,11,Thursday
clicked_hisab_yestarday_btn,application,2026-02-06,06:07:29.371000,19:08:22.439000,24,,24,Friday
clicked_hisab_yestarday_btn,application,2026-02-07,00:24:05.179000,23:16:56.677000,25,,25,Saturday
clicked_hisab_yestarday_btn,application,2026-02-08,02:41:51.739000,11:14:22.977000,8,,8,Sunday
clicked_hisab_yestarday_btn,application,2026-02-09,06:24:58.346000,18:35:34.364000,13,,13,Monday
clicked_hisab_yestarday_btn,application,2026-02-10,04:59:31.984000,21:24:23.792000,23,,23,Tuesday
clicked_hisab_yestarday_btn,application,2026-02-11,01:15:10.749000,21:43:21.927000,25,,25,Wednesday
clicked_hisab_yestarday_btn,application,2026-02-12,06:53:57.585000,18:42:27.793000,39,,39,Thursday
clicked_hisab_yestarday_btn,application,2026-02-13,07:42:50.583000,21:57:42.379000,77,,77,Friday
clicked_hisab_yestarday_btn,application,2026-02-14,10:34:08.721000,22:41:25.171000,21,,21,Saturday
clicked_hisab_yestarday_btn,application,2026-02-15,00:35:14.608000,13:23:45.811000,5,,5,Sunday
clicked_hisab_yestarday_btn,application,2026-02-16,06:15:44.900000,21:37:56.793000,24,,24,Monday
clicked_hisab_yestarday_btn,application,2026-02-17,00:38:25.770000,18:32:48.641000,22,,22,Tuesday
clicked_hisab_yestarday_btn,application,2026-02-18,00:45:06.293000,21:14:04.447000,45,,45,Wednesday
clicked_hisab_yestarday_btn,application,2026-02-19,05:48:03.326000,18:33:39.308000,54,,54,Thursday
clicked_home_banner_app,application,2025-12-18,18:46:48.594000,18:46:48.594000,1,,1,Thursday
clicked_home_banner_app,application,2025-12-24,22:11:55.807000,22:11:55.807000,1,,1,Wednesday
clicked_homepage_banner,application,2025-12-12,06:31:19.916000,06:31:19.916000,1,,1,Friday
clicked_homepage_banner,application,2025-12-16,12:54:49.661000,12:55:04.729000,2,,2,Tuesday
clicked_homepage_banner,application,2025-12-17,13:00:47.114000,13:01:19.031000,5,,5,Wednesday
clicked_homepage_banner,application,2025-12-20,13:07:06.761000,13:19:03.405000,7,,7,Saturday
clicked_homepage_banner,application,2025-12-23,22:55:21.621000,22:55:29.305000,2,,2,Tuesday
clicked_homepage_banner,application,2025-12-24,22:02:46.418000,22:31:22.662000,7,,7,Wednesday
clicked_homepage_banner,application,2025-12-25,11:48:26.727000,12:59:31.726000,4,,4,Thursday
clicked_homepage_banner,application,2025-12-28,09:25:14.217000,09:25:14.217000,1,,1,Sunday
clicked_homepage_banner,application,2025-12-29,13:36:01.282000,13:50:44.558000,2,,2,Monday
clicked_homepage_banner,application,2026-01-02,14:52:25.077000,14:52:25.077000,1,,1,Friday
clicked_homepage_banner,application,2026-01-09,17:22:51.252000,17:22:51.252000,1,,1,Friday
clicked_homepage_banner,application,2026-01-10,13:03:46.285000,13:03:46.285000,1,,1,Saturday
clicked_homepage_banner,application,2026-01-12,10:39:24.387000,12:00:23.230000,5,,5,Monday
clicked_homepage_banner,application,2026-01-16,08:43:05.464000,19:37:11.910000,5,,5,Friday
clicked_homepage_banner,application,2026-01-17,17:48:23.952000,17:48:23.952000,1,,1,Saturday
clicked_homepage_banner,application,2026-01-23,04:18:20.017000,11:49:32.752000,2,,2,Friday
clicked_homepage_banner,application,2026-02-07,19:08:05.786000,19:10:47.751000,2,,2,Saturday
clicked_homepage_banner,application,2026-02-15,15:10:17.335000,15:10:17.335000,1,,1,Sunday
clicked_login_btn,application,2025-12-03,12:06:14.229000,12:06:14.229000,1,,1,Wednesday
clicked_login_btn,application,2025-12-06,10:17:39.978000,10:17:39.978000,1,,1,Saturday
clicked_login_btn,application,2025-12-13,14:25:41.979000,14:31:41.985000,2,,2,Saturday
clicked_login_btn,application,2025-12-17,12:54:47.745000,15:14:36.680000,3,,3,Wednesday
clicked_login_btn,application,2025-12-18,18:35:42.348000,19:39:37.452000,4,,4,Thursday
clicked_login_btn,application,2025-12-19,11:33:25.206000,13:45:57.873000,3,,3,Friday
clicked_login_btn,application,2025-12-20,02:43:54.682000,22:51:43.188000,8,,8,Saturday
clicked_login_btn,application,2025-12-21,12:45:13.983000,19:11:57.939000,2,,2,Sunday
clicked_login_btn,application,2025-12-22,17:38:20.987000,23:58:04.001000,3,,3,Monday
clicked_login_btn,application,2025-12-23,11:21:03.485000,17:01:16.681000,3,,3,Tuesday
clicked_login_btn,application,2025-12-24,07:29:20.454000,22:02:19.960000,9,,9,Wednesday
clicked_login_btn,application,2025-12-25,09:37:42.991000,16:24:33.095000,13,,13,Thursday
clicked_login_btn,application,2025-12-26,14:59:24.461000,14:59:24.461000,1,,1,Friday
clicked_login_btn,application,2025-12-27,01:05:28.834000,14:18:14.355000,3,,3,Saturday
clicked_login_btn,application,2025-12-28,09:07:45.996000,20:54:03.137000,9,,9,Sunday
clicked_login_btn,application,2025-12-29,06:57:47.644000,19:01:24.598000,11,,11,Monday
clicked_login_btn,application,2025-12-30,20:57:20.398000,20:57:20.398000,1,,1,Tuesday
clicked_login_btn,application,2026-01-02,13:26:07.848000,16:36:01.555000,2,,2,Friday
clicked_login_btn,application,2026-01-03,11:35:35.562000,11:35:35.562000,1,,1,Saturday
clicked_login_btn,application,2026-01-04,12:06:29.993000,20:50:21.214000,5,,5,Sunday
clicked_login_btn,application,2026-01-05,08:31:15.630000,21:25:48.774000,30,,30,Monday
clicked_login_btn,application,2026-01-07,12:07:24.168000,20:25:09.490000,3,,3,Wednesday
clicked_login_btn,application,2026-01-08,11:31:07.725000,19:54:50.661000,4,,4,Thursday
clicked_login_btn,application,2026-01-09,13:00:36.449000,22:29:30.213000,14,,14,Friday
clicked_login_btn,application,2026-01-10,17:07:52.979000,17:07:52.979000,1,,1,Saturday
clicked_login_btn,application,2026-01-13,14:51:29.689000,14:51:29.689000,1,,1,Tuesday
clicked_login_btn,application,2026-01-15,16:17:25.984000,17:19:20.203000,5,,5,Thursday
clicked_login_btn,application,2026-01-16,08:38:11.750000,13:14:32.353000,3,,3,Friday
clicked_login_btn,application,2026-01-17,09:45:35.081000,16:19:56.459000,5,,5,Saturday
clicked_login_btn,application,2026-01-23,12:44:14.954000,16:11:33.929000,2,,2,Friday
clicked_login_btn,application,2026-01-24,21:51:24.609000,21:51:24.609000,1,,1,Saturday
clicked_login_btn,application,2026-01-26,08:40:25.732000,08:40:25.732000,1,,1,Monday
clicked_login_btn,application,2026-01-27,10:24:57.983000,15:38:09.806000,3,,3,Tuesday
clicked_login_btn,application,2026-01-28,12:16:33.347000,20:16:03.363000,4,,4,Wednesday
clicked_login_btn,application,2026-01-29,12:37:24.528000,20:49:11.175000,4,,4,Thursday
clicked_login_btn,application,2026-01-30,18:43:44.951000,20:05:33.325000,4,,4,Friday
clicked_login_btn,application,2026-01-31,14:16:23.425000,18:41:16.935000,2,,2,Saturday
clicked_login_btn,application,2026-02-02,09:49:59.938000,23:57:41.441000,3,,3,Monday
clicked_login_btn,application,2026-02-03,12:41:53.677000,12:42:59.029000,2,,2,Tuesday
clicked_login_btn,application,2026-02-04,11:24:33.287000,12:30:06.254000,2,,2,Wednesday
clicked_login_btn,application,2026-02-05,20:09:41.998000,20:09:45.509000,2,,2,Thursday
clicked_login_btn,application,2026-02-06,12:30:30.361000,18:34:21.875000,3,,3,Friday
clicked_login_btn,application,2026-02-07,23:22:51.902000,23:22:51.902000,1,,1,Saturday
clicked_login_btn,application,2026-02-08,15:32:31.586000,15:32:31.586000,1,,1,Sunday
clicked_login_btn,application,2026-02-09,13:13:49.310000,13:13:49.310000,1,,1,Monday
clicked_login_btn,application,2026-02-10,11:00:53.993000,21:55:28.405000,4,,4,Tuesday
clicked_login_btn,application,2026-02-11,07:41:05.967000,20:10:46.000000,8,,8,Wednesday
clicked_login_btn,application,2026-02-12,12:47:42.031000,17:03:34.093000,3,,3,Thursday
clicked_login_btn,application,2026-02-13,12:11:15.307000,16:14:00.476000,4,,4,Friday
clicked_login_btn,application,2026-02-15,11:02:08.373000,11:02:08.373000,1,,1,Sunday
clicked_login_btn,application,2026-02-16,14:06:12.085000,19:28:04.899000,6,,6,Monday
clicked_login_btn,application,2026-02-17,08:40:57.155000,17:14:28.147000,5,,5,Tuesday
clicked_login_btn,application,2026-02-18,08:45:37.684000,17:24:02.457000,8,,8,Wednesday
clicked_login_btn,application,2026-02-19,15:22:32.876000,17:21:55.570000,2,,2,Thursday
clicked_login_resend_otp,application,2025-12-13,14:26:23.186000,14:37:25.583000,9,,9,Saturday
clicked_login_resend_otp,application,2025-12-25,16:22:46.480000,16:24:10.190000,17,,17,Thursday
clicked_login_resend_otp,application,2025-12-28,18:36:14.018000,18:36:14.018000,1,,1,Sunday
clicked_login_resend_otp,application,2026-02-11,10:52:04.222000,10:52:04.222000,1,,1,Wednesday
clicked_login_resend_otp,application,2026-02-16,18:21:48.162000,18:21:48.162000,1,,1,Monday
clicked_login_resend_otp,application,2026-02-18,08:49:45.363000,08:59:08.971000,2,,2,Wednesday
clicked_login_send_otp_btn,application,2025-12-03,12:06:30.012000,12:06:30.012000,1,,1,Wednesday
clicked_login_send_otp_btn,application,2025-12-06,10:17:49.098000,10:17:49.098000,1,,1,Saturday
clicked_login_send_otp_btn,application,2025-12-07,16:31:31.617000,16:31:31.617000,1,,1,Sunday
clicked_login_send_otp_btn,application,2025-12-13,14:25:49.138000,14:31:50.257000,2,,2,Saturday
clicked_login_send_otp_btn,application,2025-12-17,12:55:14.822000,15:14:48.498000,4,,4,Wednesday
clicked_login_send_otp_btn,application,2025-12-18,14:53:00.540000,19:39:47.905000,4,,4,Thursday
clicked_login_send_otp_btn,application,2025-12-19,11:33:30.805000,13:46:06.411000,4,,4,Friday
clicked_login_send_otp_btn,application,2025-12-20,02:44:00.990000,22:51:47.955000,5,,5,Saturday
clicked_login_send_otp_btn,application,2025-12-21,12:45:18.408000,19:12:04.777000,2,,2,Sunday
clicked_login_send_otp_btn,application,2025-12-22,17:38:26.967000,23:58:08.227000,3,,3,Monday
clicked_login_send_otp_btn,application,2025-12-23,11:21:08.993000,17:01:35.721000,3,,3,Tuesday
clicked_login_send_otp_btn,application,2025-12-24,07:29:26.959000,22:11:45.303000,11,,11,Wednesday
clicked_login_send_otp_btn,application,2025-12-25,09:38:19.759000,16:24:38.753000,15,,15,Thursday
clicked_login_send_otp_btn,application,2025-12-26,14:59:36.344000,14:59:36.344000,1,,1,Friday
clicked_login_send_otp_btn,application,2025-12-27,01:06:00.928000,14:18:23.796000,6,,6,Saturday
clicked_login_send_otp_btn,application,2025-12-28,09:07:50.216000,20:54:07.648000,28,,28,Sunday
clicked_login_send_otp_btn,application,2025-12-29,06:57:54.158000,19:01:33.548000,9,,9,Monday
clicked_login_send_otp_btn,application,2025-12-30,20:57:24.211000,22:56:41.179000,5,,5,Tuesday
clicked_login_send_otp_btn,application,2026-01-02,13:26:11.642000,16:36:07.364000,2,,2,Friday
clicked_login_send_otp_btn,application,2026-01-03,11:35:47.717000,11:36:10.532000,2,,2,Saturday
clicked_login_send_otp_btn,application,2026-01-04,12:06:33.377000,20:50:28.423000,6,,6,Sunday
clicked_login_send_otp_btn,application,2026-01-05,08:33:01.592000,21:25:55.057000,42,,42,Monday
clicked_login_send_otp_btn,application,2026-01-07,12:07:36.976000,20:26:54.579000,5,,5,Wednesday
clicked_login_send_otp_btn,application,2026-01-08,11:31:16.260000,19:54:57.000000,10,,10,Thursday
clicked_login_send_otp_btn,application,2026-01-09,13:00:48.115000,22:29:37.071000,14,,14,Friday
clicked_login_send_otp_btn,application,2026-01-10,17:08:01.499000,17:09:29.119000,2,,2,Saturday
clicked_login_send_otp_btn,application,2026-01-13,08:25:01.607000,08:25:01.607000,1,,1,Tuesday
clicked_login_send_otp_btn,application,2026-01-15,11:29:42.708000,16:33:15.589000,5,,5,Thursday
clicked_login_send_otp_btn,application,2026-01-16,08:38:32.921000,13:14:38.027000,3,,3,Friday
clicked_login_send_otp_btn,application,2026-01-17,09:45:42.716000,16:20:04.666000,6,,6,Saturday
clicked_login_send_otp_btn,application,2026-01-23,12:46:17.874000,16:12:02.466000,2,,2,Friday
clicked_login_send_otp_btn,application,2026-01-24,21:51:28.637000,21:51:28.637000,1,,1,Saturday
clicked_login_send_otp_btn,application,2026-01-26,08:40:34.681000,08:40:34.681000,1,,1,Monday
clicked_login_send_otp_btn,application,2026-01-27,10:25:02.955000,15:38:18.133000,3,,3,Tuesday
clicked_login_send_otp_btn,application,2026-01-28,12:17:22.441000,20:16:08.797000,4,,4,Wednesday
clicked_login_send_otp_btn,application,2026-01-29,12:37:30.412000,20:49:33.272000,4,,4,Thursday
clicked_login_send_otp_btn,application,2026-01-30,18:43:48.988000,20:05:37.002000,3,,3,Friday
clicked_login_send_otp_btn,application,2026-01-31,14:16:27.291000,18:41:22.856000,2,,2,Saturday
clicked_login_send_otp_btn,application,2026-02-02,09:50:10.389000,23:57:46.632000,7,,7,Monday
clicked_login_send_otp_btn,application,2026-02-03,10:52:34.756000,16:43:12.880000,4,,4,Tuesday
clicked_login_send_otp_btn,application,2026-02-04,11:24:41.337000,12:30:13.731000,2,,2,Wednesday
clicked_login_send_otp_btn,application,2026-02-05,20:10:08.259000,20:10:08.259000,1,,1,Thursday
clicked_login_send_otp_btn,application,2026-02-06,12:30:47.020000,18:34:33.510000,4,,4,Friday
clicked_login_send_otp_btn,application,2026-02-07,23:22:59.022000,23:22:59.022000,1,,1,Saturday
clicked_login_send_otp_btn,application,2026-02-08,15:32:39.556000,15:32:39.556000,1,,1,Sunday
clicked_login_send_otp_btn,application,2026-02-09,13:13:55.536000,17:40:17.012000,2,,2,Monday
clicked_login_send_otp_btn,application,2026-02-10,11:01:01.469000,21:55:38.139000,6,,6,Tuesday
clicked_login_send_otp_btn,application,2026-02-11,09:19:21.491000,20:16:19.794000,9,,9,Wednesday
clicked_login_send_otp_btn,application,2026-02-12,12:47:53.284000,17:03:48.748000,3,,3,Thursday
clicked_login_send_otp_btn,application,2026-02-13,12:11:24.075000,20:23:25.785000,5,,5,Friday
clicked_login_send_otp_btn,application,2026-02-14,15:13:57.462000,15:14:37.258000,3,,3,Saturday
clicked_login_send_otp_btn,application,2026-02-15,11:02:13.228000,11:02:13.228000,1,,1,Sunday
clicked_login_send_otp_btn,application,2026-02-16,14:06:17.507000,19:28:09.778000,6,,6,Monday
clicked_login_send_otp_btn,application,2026-02-17,08:41:09.513000,17:14:32.993000,6,,6,Tuesday
clicked_login_send_otp_btn,application,2026-02-18,08:46:02.185000,17:24:09.500000,12,,12,Wednesday
clicked_login_send_otp_btn,application,2026-02-19,15:22:43.446000,17:22:02.494000,3,,3,Thursday
clicked_login_verify_otp,application,2025-12-06,10:19:19.317000,10:19:19.317000,1,,1,Saturday
clicked_login_verify_otp,application,2025-12-07,16:31:34.566000,16:31:34.566000,1,,1,Sunday
clicked_login_verify_otp,application,2025-12-13,14:37:39.831000,14:37:39.831000,1,,1,Saturday
clicked_login_verify_otp,application,2025-12-16,15:04:14.733000,15:04:14.733000,1,,1,Tuesday
clicked_login_verify_otp,application,2025-12-17,12:55:26.372000,15:15:07.255000,4,,4,Wednesday
clicked_login_verify_otp,application,2025-12-18,14:53:04.494000,22:51:17.543000,6,,6,Thursday
clicked_login_verify_otp,application,2025-12-19,11:36:14.323000,20:19:15.054000,4,,4,Friday
clicked_login_verify_otp,application,2025-12-20,02:44:14.868000,22:52:01.524000,5,,5,Saturday
clicked_login_verify_otp,application,2025-12-21,12:45:22.802000,19:12:16.347000,4,,4,Sunday
clicked_login_verify_otp,application,2025-12-22,17:38:31.362000,23:58:11.955000,3,,3,Monday
clicked_login_verify_otp,application,2025-12-23,11:21:21.175000,18:33:38.293000,4,,4,Tuesday
clicked_login_verify_otp,application,2025-12-24,07:51:11.185000,22:11:48.511000,6,,6,Wednesday
clicked_login_verify_otp,application,2025-12-25,09:38:31.747000,16:25:17.917000,10,,10,Thursday
clicked_login_verify_otp,application,2025-12-26,14:59:43.034000,14:59:43.034000,1,,1,Friday
clicked_login_verify_otp,application,2025-12-27,01:06:20.998000,14:18:28.302000,4,,4,Saturday
clicked_login_verify_otp,application,2025-12-28,09:07:59.991000,20:54:11.293000,3,,3,Sunday
clicked_login_verify_otp,application,2025-12-29,06:58:21.041000,19:01:53.120000,9,,9,Monday
clicked_login_verify_otp,application,2025-12-30,21:05:08.604000,21:09:08.486000,2,,2,Tuesday
clicked_login_verify_otp,application,2026-01-02,13:26:21.111000,16:36:17.666000,2,,2,Friday
clicked_login_verify_otp,application,2026-01-03,11:35:53.372000,11:36:20.167000,3,,3,Saturday
clicked_login_verify_otp,application,2026-01-04,12:08:29.352000,20:50:52.801000,6,,6,Sunday
clicked_login_verify_otp,application,2026-01-05,08:34:00.036000,21:26:04.483000,45,,45,Monday
clicked_login_verify_otp,application,2026-01-07,12:08:21.231000,20:26:59.997000,5,,5,Wednesday
clicked_login_verify_otp,application,2026-01-08,11:34:32.524000,19:55:03.574000,3,,3,Thursday
clicked_login_verify_otp,application,2026-01-09,13:01:32.744000,22:29:40.850000,14,,14,Friday
clicked_login_verify_otp,application,2026-01-10,17:09:33.612000,17:09:33.612000,1,,1,Saturday
clicked_login_verify_otp,application,2026-01-13,08:24:24.429000,08:25:05.885000,2,,2,Tuesday
clicked_login_verify_otp,application,2026-01-15,11:30:21.897000,16:33:25.608000,3,,3,Thursday
clicked_login_verify_otp,application,2026-01-16,08:38:47.987000,13:14:48.312000,3,,3,Friday
clicked_login_verify_otp,application,2026-01-17,09:46:24.391000,16:20:13.548000,5,,5,Saturday
clicked_login_verify_otp,application,2026-01-23,12:47:58.658000,16:25:52.334000,3,,3,Friday
clicked_login_verify_otp,application,2026-01-24,21:51:32.746000,21:51:42.499000,2,,2,Saturday
clicked_login_verify_otp,application,2026-01-26,08:41:10.558000,08:41:10.558000,1,,1,Monday
clicked_login_verify_otp,application,2026-01-27,10:25:26.255000,15:38:22.541000,3,,3,Tuesday
clicked_login_verify_otp,application,2026-01-28,12:17:28.066000,20:16:19.140000,4,,4,Wednesday
clicked_login_verify_otp,application,2026-01-29,12:37:38.952000,20:51:58.959000,5,,5,Thursday
clicked_login_verify_otp,application,2026-01-30,18:43:54.558000,20:05:42.261000,8,,8,Friday
clicked_login_verify_otp,application,2026-01-31,14:16:30.951000,18:42:14.951000,2,,2,Saturday
clicked_login_verify_otp,application,2026-02-02,09:50:46.942000,23:57:51.225000,4,,4,Monday
clicked_login_verify_otp,application,2026-02-03,12:42:33.221000,12:43:25.855000,2,,2,Tuesday
clicked_login_verify_otp,application,2026-02-04,11:24:51.338000,12:30:28.752000,2,,2,Wednesday
clicked_login_verify_otp,application,2026-02-05,20:10:12.236000,20:10:12.236000,1,,1,Thursday
clicked_login_verify_otp,application,2026-02-06,12:30:50.282000,18:34:37.894000,4,,4,Friday
clicked_login_verify_otp,application,2026-02-07,23:23:08.861000,23:23:08.861000,1,,1,Saturday
clicked_login_verify_otp,application,2026-02-08,15:32:45.629000,15:32:45.629000,1,,1,Sunday
clicked_login_verify_otp,application,2026-02-09,13:14:00.562000,17:40:21.271000,2,,2,Monday
clicked_login_verify_otp,application,2026-02-10,11:01:07.710000,21:55:42.168000,12,,12,Tuesday
clicked_login_verify_otp,application,2026-02-11,09:19:30.315000,20:16:36.665000,9,,9,Wednesday
clicked_login_verify_otp,application,2026-02-12,12:48:57.511000,17:04:33.311000,2,,2,Thursday
clicked_login_verify_otp,application,2026-02-13,12:11:37.644000,16:14:22.168000,5,,5,Friday
clicked_login_verify_otp,application,2026-02-14,15:14:01.093000,15:14:40.220000,3,,3,Saturday
clicked_login_verify_otp,application,2026-02-15,11:02:17.530000,11:02:17.530000,1,,1,Sunday
clicked_login_verify_otp,application,2026-02-16,14:06:31.281000,19:28:14.048000,11,,11,Monday
clicked_login_verify_otp,application,2026-02-17,08:41:20.622000,17:14:36.871000,5,,5,Tuesday
clicked_login_verify_otp,application,2026-02-18,09:26:09.586000,17:24:51.739000,6,,6,Wednesday
clicked_login_verify_otp,application,2026-02-19,16:02:20.266000,17:23:17.095000,2,,2,Thursday
clicked_manage_route_and_pricing_bus_card,application,2025-12-07,08:45:45.034000,08:45:45.034000,1,,1,Sunday
clicked_manage_route_and_pricing_bus_card,application,2025-12-08,15:33:03.648000,15:33:03.648000,1,,1,Monday
clicked_manage_route_and_pricing_bus_card,application,2025-12-09,12:22:52.811000,12:22:52.811000,1,,1,Tuesday
clicked_manage_route_and_pricing_bus_card,application,2025-12-13,08:20:21.930000,15:37:21.505000,2,,2,Saturday
clicked_manage_route_and_pricing_bus_card,application,2025-12-18,08:03:17.963000,08:03:17.963000,1,,1,Thursday
clicked_manage_route_and_pricing_bus_card,application,2025-12-20,11:09:13.433000,11:09:13.433000,1,,1,Saturday
clicked_manage_route_and_pricing_bus_card,application,2025-12-29,13:30:07.801000,13:30:07.801000,1,,1,Monday
clicked_manage_route_and_pricing_bus_card,application,2026-01-01,16:58:23.314000,16:58:23.314000,1,,1,Thursday
clicked_manage_route_and_pricing_bus_card,application,2026-01-03,15:12:54.743000,15:12:54.743000,1,,1,Saturday
clicked_manage_route_and_pricing_bus_card,application,2026-01-04,21:07:12.248000,21:07:43.564000,6,,6,Sunday
clicked_manage_route_and_pricing_bus_card,application,2026-01-05,14:08:50.186000,14:08:50.186000,2,,2,Monday
clicked_manage_route_and_pricing_bus_card,application,2026-01-06,09:05:04.102000,09:05:04.102000,1,,1,Tuesday
clicked_manage_route_and_pricing_bus_card,application,2026-01-09,07:58:32.910000,07:58:32.910000,1,,1,Friday
clicked_manage_route_and_pricing_bus_card,application,2026-02-07,08:30:34.296000,08:30:34.296000,1,,1,Saturday
clicked_manage_route_and_pricing_bus_card,application,2026-02-08,14:00:31.922000,14:00:31.922000,1,,1,Sunday
clicked_manage_route_and_pricing_bus_card,application,2026-02-10,23:24:22.463000,23:26:30.255000,7,,7,Tuesday
clicked_manage_route_and_pricing_bus_card,application,2026-02-11,16:03:02.608000,16:03:02.608000,1,,1,Wednesday
clicked_manage_route_and_pricing_bus_card,application,2026-02-13,11:49:47.151000,11:58:42.357000,2,,2,Friday
clicked_manage_route_and_pricing_bus_card,application,2026-02-15,11:03:02.637000,11:03:02.637000,1,,1,Sunday
clicked_manage_route_and_pricing_view_pricing_btn,application,2025-12-06,10:25:29.663000,17:55:17.874000,3,,3,Saturday
clicked_manage_route_and_pricing_view_pricing_btn,application,2025-12-08,14:29:41.738000,15:35:07.468000,5,,5,Monday
clicked_manage_route_and_pricing_view_pricing_btn,application,2025-12-09,12:14:37.576000,12:23:08.023000,11,,11,Tuesday
clicked_manage_route_and_pricing_view_pricing_btn,application,2025-12-10,11:43:14.569000,11:43:18.425000,2,,2,Wednesday
clicked_manage_route_and_pricing_view_pricing_btn,application,2025-12-13,14:24:59.991000,15:37:40.920000,12,,12,Saturday
clicked_manage_route_and_pricing_view_pricing_btn,application,2025-12-14,08:42:13.155000,08:42:13.155000,1,,1,Sunday
clicked_manage_route_and_pricing_view_pricing_btn,application,2025-12-18,08:03:23.220000,13:18:04.289000,22,,22,Thursday
clicked_manage_route_and_pricing_view_pricing_btn,application,2025-12-20,01:32:13.582000,01:32:13.582000,1,,1,Saturday
clicked_manage_route_and_pricing_view_pricing_btn,application,2025-12-21,12:02:39.866000,12:02:51.517000,6,,6,Sunday
clicked_manage_route_and_pricing_view_pricing_btn,application,2025-12-23,10:17:49.097000,15:26:04.940000,22,,22,Tuesday
clicked_manage_route_and_pricing_view_pricing_btn,application,2025-12-24,10:10:44.824000,15:27:43.330000,12,,12,Wednesday
clicked_manage_route_and_pricing_view_pricing_btn,application,2025-12-25,16:29:06.318000,21:33:00.969000,21,,21,Thursday
clicked_manage_route_and_pricing_view_pricing_btn,application,2025-12-26,09:57:57.672000,10:01:09.536000,6,,6,Friday
clicked_manage_route_and_pricing_view_pricing_btn,application,2025-12-27,13:33:17.964000,14:56:31.001000,5,,5,Saturday
clicked_manage_route_and_pricing_view_pricing_btn,application,2025-12-28,09:38:10.817000,11:15:07.624000,6,,6,Sunday
clicked_manage_route_and_pricing_view_pricing_btn,application,2025-12-29,14:03:13.950000,19:39:40.553000,3,,3,Monday
clicked_manage_route_and_pricing_view_pricing_btn,application,2025-12-31,10:24:01.647000,16:24:10.473000,9,,9,Wednesday
clicked_manage_route_and_pricing_view_pricing_btn,application,2026-01-01,07:53:26.475000,14:39:09.781000,3,,3,Thursday
clicked_manage_route_and_pricing_view_pricing_btn,application,2026-01-03,15:13:04.313000,15:13:04.313000,1,,1,Saturday
clicked_manage_route_and_pricing_view_pricing_btn,application,2026-01-04,21:07:30.579000,21:07:30.579000,3,,3,Sunday
clicked_manage_route_and_pricing_view_pricing_btn,application,2026-01-05,12:15:16.626000,12:15:16.626000,1,,1,Monday
clicked_manage_route_and_pricing_view_pricing_btn,application,2026-01-07,16:04:38.850000,16:04:38.850000,1,,1,Wednesday
clicked_manage_route_and_pricing_view_pricing_btn,application,2026-01-12,22:19:41.836000,22:19:41.836000,1,,1,Monday
clicked_manage_route_and_pricing_view_pricing_btn,application,2026-01-13,08:33:52.696000,08:33:52.696000,1,,1,Tuesday
clicked_manage_route_and_pricing_view_pricing_btn,application,2026-01-14,20:04:59.153000,20:04:59.153000,1,,1,Wednesday
clicked_manage_route_and_pricing_view_pricing_btn,application,2026-01-15,12:46:14.121000,12:47:30.292000,2,,2,Thursday
clicked_manage_route_and_pricing_view_pricing_btn,application,2026-01-16,09:20:40.870000,17:01:41.106000,11,,11,Friday
clicked_manage_route_and_pricing_view_pricing_btn,application,2026-01-26,13:00:57.575000,13:01:18.362000,2,,2,Monday
clicked_manage_route_and_pricing_view_pricing_btn,application,2026-02-02,20:23:32.825000,20:23:32.825000,1,,1,Monday
clicked_manage_route_and_pricing_view_pricing_btn,application,2026-02-04,19:23:56.984000,19:23:56.984000,1,,1,Wednesday
clicked_manage_route_and_pricing_view_pricing_btn,application,2026-02-06,12:43:43.055000,18:11:18.495000,3,,3,Friday
clicked_manage_route_and_pricing_view_pricing_btn,application,2026-02-07,18:22:05.016000,18:22:05.016000,1,,1,Saturday
clicked_manage_route_and_pricing_view_pricing_btn,application,2026-02-08,13:56:04.055000,22:50:58.138000,5,,5,Sunday
clicked_manage_route_and_pricing_view_pricing_btn,application,2026-02-11,08:55:57.847000,18:30:02.227000,8,,8,Wednesday
clicked_manage_route_and_pricing_view_pricing_btn,application,2026-02-12,19:10:20.718000,19:12:37.190000,2,,2,Thursday
clicked_manage_route_and_pricing_view_pricing_btn,application,2026-02-13,11:59:08.044000,16:15:49.041000,3,,3,Friday
clicked_manage_route_and_pricing_view_pricing_btn,application,2026-02-15,11:03:11.811000,11:03:11.811000,1,,1,Sunday
clicked_manage_route_and_pricing_view_pricing_btn,application,2026-02-16,15:19:02.844000,17:49:26.258000,3,,3,Monday
clicked_manage_route_and_pricing_view_pricing_btn,application,2026-02-17,04:44:49.540000,04:44:49.540000,1,,1,Tuesday
clicked_manage_route_and_pricing_view_pricing_btn,application,2026-02-18,21:20:15.036000,21:22:19.597000,2,,2,Wednesday
clicked_manage_route_and_pricing_view_route_btn,application,2025-12-06,10:23:54.133000,17:58:02.642000,4,,4,Saturday
clicked_manage_route_and_pricing_view_route_btn,application,2025-12-07,12:00:37.406000,12:00:37.406000,1,,1,Sunday
clicked_manage_route_and_pricing_view_route_btn,application,2025-12-08,15:33:07.717000,15:33:07.717000,1,,1,Monday
clicked_manage_route_and_pricing_view_route_btn,application,2025-12-13,14:41:14.000000,15:40:12.143000,2,,2,Saturday
clicked_manage_route_and_pricing_view_route_btn,application,2025-12-19,14:44:59.340000,14:44:59.340000,1,,1,Friday
clicked_manage_route_and_pricing_view_route_btn,application,2025-12-20,01:32:09.238000,01:32:09.238000,1,,1,Saturday
clicked_manage_route_and_pricing_view_route_btn,application,2025-12-29,13:22:16.184000,13:32:40.264000,9,,9,Monday
clicked_manage_route_and_pricing_view_route_btn,application,2025-12-31,14:53:33.834000,14:53:33.834000,3,,3,Wednesday
clicked_manage_route_and_pricing_view_route_btn,application,2026-01-03,15:13:02.595000,15:13:02.595000,1,,1,Saturday
clicked_manage_route_and_pricing_view_route_btn,application,2026-01-05,14:09:05.846000,14:09:05.846000,2,,2,Monday
clicked_manage_route_and_pricing_view_route_btn,application,2026-01-06,09:04:45.920000,09:04:45.920000,1,,1,Tuesday
clicked_manage_route_and_pricing_view_route_btn,application,2026-01-08,14:38:21.151000,14:38:21.151000,1,,1,Thursday
clicked_manage_route_and_pricing_view_route_btn,application,2026-01-16,12:40:51.028000,17:00:33.917000,2,,2,Friday
clicked_manage_route_and_pricing_view_route_btn,application,2026-01-25,10:13:20.068000,10:13:20.068000,1,,1,Sunday
clicked_manage_route_and_pricing_view_route_btn,application,2026-02-07,08:30:25.310000,18:22:07.400000,2,,2,Saturday
clicked_manage_route_and_pricing_view_route_btn,application,2026-02-11,08:55:08.059000,11:05:16.791000,2,,2,Wednesday
clicked_manage_route_and_pricing_view_route_btn,application,2026-02-13,11:59:01.927000,16:15:07.888000,2,,2,Friday
clicked_manage_route_and_pricing_view_route_btn,application,2026-02-15,15:08:25.294000,15:08:25.294000,1,,1,Sunday
clicked_manage_route_and_pricing_view_route_btn,application,2026-02-16,17:24:58.941000,17:50:06.405000,4,,4,Monday
clicked_manage_route_and_pricing_view_route_btn,application,2026-02-18,21:19:33.173000,21:20:00.179000,4,,4,Wednesday
clicked_nav_drawer_cash_settlement,application,2025-12-20,01:23:45.663000,01:27:34.063000,2,,2,Saturday
clicked_nav_drawer_cash_settlement,application,2025-12-21,01:16:21.096000,01:16:21.096000,1,,1,Sunday
clicked_nav_drawer_cash_settlement,application,2025-12-23,15:30:40.597000,16:51:49.958000,2,,2,Tuesday
clicked_nav_drawer_cash_settlement,application,2025-12-24,07:27:39.765000,10:10:20.980000,3,,3,Wednesday
clicked_nav_drawer_cash_settlement,application,2025-12-25,11:01:32.102000,11:01:32.102000,1,,1,Thursday
clicked_nav_drawer_cash_settlement,application,2026-01-13,08:56:54.023000,08:56:54.023000,1,,1,Tuesday
clicked_nav_drawer_cash_settlement,application,2026-01-24,13:15:05.770000,13:15:05.770000,1,,1,Saturday
clicked_nav_drawer_cash_settlement,application,2026-01-27,15:16:38.471000,17:18:55.435000,3,,3,Tuesday
clicked_nav_drawer_cash_settlement,application,2026-02-02,20:32:14.882000,20:32:14.882000,3,,3,Monday
clicked_nav_drawer_cash_settlement,application,2026-02-07,09:15:35.706000,09:15:35.706000,1,,1,Saturday
clicked_nav_drawer_cash_settlement,application,2026-02-10,15:32:33.673000,15:32:33.673000,1,,1,Tuesday
clicked_nav_drawer_cash_settlement,application,2026-02-11,15:30:54.458000,18:48:10.033000,3,,3,Wednesday
clicked_nav_drawer_cash_settlement,application,2026-02-12,15:41:25.044000,15:41:25.044000,1,,1,Thursday
clicked_nav_drawer_cash_settlement,application,2026-02-16,15:18:43.181000,15:18:43.181000,1,,1,Monday
clicked_nav_drawer_change_language,application,2025-12-07,05:45:14.455000,05:45:14.455000,1,,1,Sunday
clicked_nav_drawer_change_language,application,2025-12-20,19:09:41.371000,19:44:44.762000,3,,3,Saturday
clicked_nav_drawer_change_language,application,2025-12-25,12:49:06.786000,12:49:32.301000,4,,4,Thursday
clicked_nav_drawer_change_language,application,2026-01-08,17:27:23.529000,17:27:23.529000,1,,1,Thursday
clicked_nav_drawer_change_language,application,2026-01-13,08:56:42.430000,08:56:42.430000,1,,1,Tuesday
clicked_nav_drawer_change_language,application,2026-01-16,12:44:08.818000,12:44:08.818000,1,,1,Friday
clicked_nav_drawer_change_language,application,2026-01-27,15:48:27.910000,15:48:27.910000,1,,1,Tuesday
clicked_nav_drawer_change_language,application,2026-02-11,08:57:56.435000,08:57:56.435000,1,,1,Wednesday
clicked_nav_drawer_change_language,application,2026-02-17,17:03:28.274000,17:03:28.274000,1,,1,Tuesday
clicked_nav_drawer_change_language,application,2026-02-18,21:34:33.244000,21:34:33.244000,1,,1,Wednesday
clicked_nav_drawer_dsn_mapping,application,2025-12-06,10:40:18.772000,12:18:32.619000,2,,2,Saturday
clicked_nav_drawer_dsn_mapping,application,2025-12-07,05:45:24.845000,05:45:24.845000,1,,1,Sunday
clicked_nav_drawer_dsn_mapping,application,2025-12-08,08:18:07.011000,08:18:07.011000,1,,1,Monday
clicked_nav_drawer_dsn_mapping,application,2025-12-13,07:54:19.374000,07:54:19.374000,1,,1,Saturday
clicked_nav_drawer_dsn_mapping,application,2025-12-20,19:47:30.785000,19:47:30.785000,1,,1,Saturday
clicked_nav_drawer_dsn_mapping,application,2025-12-24,10:09:54.505000,10:09:54.505000,1,,1,Wednesday
clicked_nav_drawer_dsn_mapping,application,2025-12-26,16:09:01.322000,16:09:01.322000,1,,1,Friday
clicked_nav_drawer_dsn_mapping,application,2025-12-27,02:13:37.195000,02:13:37.195000,1,,1,Saturday
clicked_nav_drawer_dsn_mapping,application,2026-01-04,11:37:19.285000,11:37:19.285000,1,,1,Sunday
clicked_nav_drawer_dsn_mapping,application,2026-01-13,08:58:04.659000,08:58:04.659000,1,,1,Tuesday
clicked_nav_drawer_dsn_mapping,application,2026-01-16,16:57:40.715000,16:57:40.715000,1,,1,Friday
clicked_nav_drawer_dsn_mapping,application,2026-01-27,15:54:14.250000,15:54:14.250000,1,,1,Tuesday
clicked_nav_drawer_dsn_mapping,application,2026-01-29,12:30:48.684000,22:32:44.361000,2,,2,Thursday
clicked_nav_drawer_dsn_mapping,application,2026-01-31,12:53:13.458000,12:53:13.458000,1,,1,Saturday
clicked_nav_drawer_dsn_mapping,application,2026-02-02,20:31:18.548000,20:31:18.548000,1,,1,Monday
clicked_nav_drawer_dsn_mapping,application,2026-02-07,09:16:26.660000,09:16:26.660000,1,,1,Saturday
clicked_nav_drawer_dsn_mapping,application,2026-02-11,08:58:26.945000,18:47:51.244000,4,,4,Wednesday
clicked_nav_drawer_dsn_mapping,application,2026-02-13,12:17:11.842000,12:17:11.842000,1,,1,Friday
clicked_nav_drawer_dsn_mapping,application,2026-02-16,17:50:18.588000,18:20:33.711000,2,,2,Monday
clicked_nav_drawer_dsn_mapping,application,2026-02-18,15:32:01.406000,16:01:18.592000,2,,2,Wednesday
clicked_nav_drawer_logout,application,2025-12-05,15:35:57.765000,21:58:40.730000,3,,3,Friday
clicked_nav_drawer_logout,application,2025-12-06,23:40:14.905000,23:40:14.905000,1,,1,Saturday
clicked_nav_drawer_logout,application,2025-12-08,18:24:09.174000,18:24:09.174000,1,,1,Monday
clicked_nav_drawer_logout,application,2025-12-11,10:23:00.321000,10:23:00.344000,4,,4,Thursday
clicked_nav_drawer_logout,application,2025-12-13,14:25:37.700000,14:25:37.700000,1,,1,Saturday
clicked_nav_drawer_logout,application,2025-12-17,13:22:20.626000,16:14:56.325000,2,,2,Wednesday
clicked_nav_drawer_logout,application,2025-12-18,14:53:01.551000,18:35:40.447000,3,,3,Thursday
clicked_nav_drawer_logout,application,2025-12-19,11:33:22.589000,21:49:22.042000,4,,4,Friday
clicked_nav_drawer_logout,application,2025-12-20,11:14:47.279000,14:11:18.615000,2,,2,Saturday
clicked_nav_drawer_logout,application,2025-12-22,17:38:16.993000,23:58:02.553000,2,,2,Monday
clicked_nav_drawer_logout,application,2025-12-23,10:34:23.700000,15:43:10.447000,3,,3,Tuesday
clicked_nav_drawer_logout,application,2025-12-24,06:28:43.365000,22:28:17.795000,29,,29,Wednesday
clicked_nav_drawer_logout,application,2025-12-25,12:21:56.999000,16:44:30.774000,5,,5,Thursday
clicked_nav_drawer_logout,application,2025-12-26,09:21:27.850000,16:07:53.125000,3,,3,Friday
clicked_nav_drawer_logout,application,2025-12-27,08:26:44.019000,17:35:11.820000,2,,2,Saturday
clicked_nav_drawer_logout,application,2025-12-28,11:18:40.353000,11:18:40.353000,1,,1,Sunday
clicked_nav_drawer_logout,application,2025-12-29,10:16:41.230000,18:35:05.472000,7,,7,Monday
clicked_nav_drawer_logout,application,2025-12-31,12:05:14.223000,12:05:14.223000,1,,1,Wednesday
clicked_nav_drawer_logout,application,2026-01-02,16:31:30.028000,16:31:30.028000,1,,1,Friday
clicked_nav_drawer_logout,application,2026-01-03,11:35:33.662000,11:35:33.662000,1,,1,Saturday
clicked_nav_drawer_logout,application,2026-01-04,18:15:48.250000,18:15:48.250000,1,,1,Sunday
clicked_nav_drawer_logout,application,2026-01-05,11:40:38.324000,20:42:35.424000,49,,49,Monday
clicked_nav_drawer_logout,application,2026-01-06,04:21:16.342000,13:08:34.513000,7,,7,Tuesday
clicked_nav_drawer_logout,application,2026-01-07,12:07:21.916000,17:06:32.696000,6,,6,Wednesday
clicked_nav_drawer_logout,application,2026-01-08,11:36:36.530000,19:54:48.647000,2,,2,Thursday
clicked_nav_drawer_logout,application,2026-01-09,13:21:59.316000,22:29:28.816000,5,,5,Friday
clicked_nav_drawer_logout,application,2026-01-10,14:04:39.560000,15:36:53.995000,3,,3,Saturday
clicked_nav_drawer_logout,application,2026-01-15,11:11:39.750000,11:12:06.722000,2,,2,Thursday
clicked_nav_drawer_logout,application,2026-01-16,21:15:57.559000,21:15:57.559000,1,,1,Friday
clicked_nav_drawer_logout,application,2026-01-23,14:17:34.637000,16:11:32.033000,2,,2,Friday
clicked_nav_drawer_logout,application,2026-01-24,14:49:44.350000,14:49:44.350000,1,,1,Saturday
clicked_nav_drawer_logout,application,2026-01-26,11:57:43.604000,16:42:09.348000,4,,4,Monday
clicked_nav_drawer_logout,application,2026-01-27,14:03:20.866000,16:27:45.756000,2,,2,Tuesday
clicked_nav_drawer_logout,application,2026-01-28,18:21:18.311000,18:21:18.311000,1,,1,Wednesday
clicked_nav_drawer_logout,application,2026-01-29,18:16:31.817000,18:48:30.922000,3,,3,Thursday
clicked_nav_drawer_logout,application,2026-01-30,19:27:19.706000,19:27:19.706000,1,,1,Friday
clicked_nav_drawer_logout,application,2026-02-01,10:20:59.587000,10:20:59.587000,1,,1,Sunday
clicked_nav_drawer_logout,application,2026-02-02,16:01:25.110000,20:29:31.129000,4,,4,Monday
clicked_nav_drawer_logout,application,2026-02-03,00:02:16.373000,00:02:16.373000,1,,1,Tuesday
clicked_nav_drawer_logout,application,2026-02-04,11:24:28.667000,18:06:30.872000,3,,3,Wednesday
clicked_nav_drawer_logout,application,2026-02-06,12:09:30.656000,17:01:14.573000,3,,3,Friday
clicked_nav_drawer_logout,application,2026-02-09,12:52:53.849000,12:52:53.849000,1,,1,Monday
clicked_nav_drawer_logout,application,2026-02-10,11:01:26.348000,21:55:26.709000,7,,7,Tuesday
clicked_nav_drawer_logout,application,2026-02-11,13:03:37.448000,16:55:59.984000,5,,5,Wednesday
clicked_nav_drawer_logout,application,2026-02-12,12:23:02.523000,17:07:46.961000,9,,9,Thursday
clicked_nav_drawer_logout,application,2026-02-13,09:11:40.796000,17:22:28.873000,7,,7,Friday
clicked_nav_drawer_logout,application,2026-02-14,11:14:31.300000,18:31:43.613000,5,,5,Saturday
clicked_nav_drawer_logout,application,2026-02-15,11:08:43.592000,11:08:43.592000,1,,1,Sunday
clicked_nav_drawer_logout,application,2026-02-16,12:16:10.465000,19:35:31.286000,6,,6,Monday
clicked_nav_drawer_logout,application,2026-02-17,12:39:31.302000,12:39:31.302000,1,,1,Tuesday
clicked_nav_drawer_logout,application,2026-02-18,08:45:34.633000,19:03:27.283000,7,,7,Wednesday
clicked_nav_drawer_logout,application,2026-02-19,12:22:33.425000,18:38:03.061000,2,,2,Thursday
clicked_nav_drawer_manage_route_pricing,application,2025-12-06,14:38:41.699000,17:58:01.428000,4,,4,Saturday
clicked_nav_drawer_manage_route_pricing,application,2025-12-07,08:45:41.933000,08:46:13.110000,2,,2,Sunday
clicked_nav_drawer_manage_route_pricing,application,2025-12-08,15:32:59.914000,15:34:20.301000,2,,2,Monday
clicked_nav_drawer_manage_route_pricing,application,2025-12-09,12:14:35.376000,12:16:47.326000,2,,2,Tuesday
clicked_nav_drawer_manage_route_pricing,application,2025-12-10,11:43:12.907000,11:43:12.907000,1,,1,Wednesday
clicked_nav_drawer_manage_route_pricing,application,2025-12-13,14:24:54.833000,15:24:59.689000,7,,7,Saturday
clicked_nav_drawer_manage_route_pricing,application,2025-12-17,15:40:51.710000,15:40:51.710000,1,,1,Wednesday
clicked_nav_drawer_manage_route_pricing,application,2025-12-19,14:44:56.807000,14:44:56.807000,1,,1,Friday
clicked_nav_drawer_manage_route_pricing,application,2025-12-20,01:24:10.040000,01:27:42.432000,2,,2,Saturday
clicked_nav_drawer_manage_route_pricing,application,2025-12-24,10:10:42.707000,10:10:42.707000,1,,1,Wednesday
clicked_nav_drawer_manage_route_pricing,application,2026-01-05,18:25:30.802000,18:25:30.802000,1,,1,Monday
clicked_nav_drawer_manage_route_pricing,application,2026-01-09,07:58:24.688000,07:58:24.688000,1,,1,Friday
clicked_nav_drawer_manage_route_pricing,application,2026-01-13,08:57:14.268000,08:57:14.268000,1,,1,Tuesday
clicked_nav_drawer_manage_route_pricing,application,2026-01-14,15:56:29.708000,20:04:56.570000,2,,2,Wednesday
clicked_nav_drawer_manage_route_pricing,application,2026-01-16,12:44:24.527000,12:44:24.527000,1,,1,Friday
clicked_nav_drawer_manage_route_pricing,application,2026-01-24,20:56:25.725000,20:56:25.725000,1,,1,Saturday
clicked_nav_drawer_manage_route_pricing,application,2026-01-25,10:13:14.617000,10:13:14.617000,1,,1,Sunday
clicked_nav_drawer_manage_route_pricing,application,2026-01-27,15:22:45.461000,17:19:17.808000,3,,3,Tuesday
clicked_nav_drawer_manage_route_pricing,application,2026-01-31,12:51:18.766000,12:53:04.436000,2,,2,Saturday
clicked_nav_drawer_manage_route_pricing,application,2026-02-06,12:43:35.284000,12:44:37.935000,2,,2,Friday
clicked_nav_drawer_manage_route_pricing,application,2026-02-07,08:30:16.458000,08:30:16.458000,1,,1,Saturday
clicked_nav_drawer_manage_route_pricing,application,2026-02-08,02:02:24.281000,22:50:54.231000,6,,6,Sunday
clicked_nav_drawer_manage_route_pricing,application,2026-02-09,21:28:35.118000,21:35:09.853000,2,,2,Monday
clicked_nav_drawer_manage_route_pricing,application,2026-02-10,15:28:10.714000,23:24:04.049000,3,,3,Tuesday
clicked_nav_drawer_manage_route_pricing,application,2026-02-11,08:54:58.835000,18:29:56.056000,11,,11,Wednesday
clicked_nav_drawer_manage_route_pricing,application,2026-02-12,19:10:13.730000,19:10:13.730000,1,,1,Thursday
clicked_nav_drawer_manage_route_pricing,application,2026-02-13,11:49:45.634000,16:15:03.151000,4,,4,Friday
clicked_nav_drawer_manage_route_pricing,application,2026-02-14,12:30:18.746000,12:30:18.746000,1,,1,Saturday
clicked_nav_drawer_manage_route_pricing,application,2026-02-15,15:08:23.246000,15:08:23.246000,1,,1,Sunday
clicked_nav_drawer_manage_route_pricing,application,2026-02-16,15:18:59.790000,19:28:28.768000,5,,5,Monday
clicked_nav_drawer_manage_route_pricing,application,2026-02-17,04:44:46.228000,17:03:57.885000,2,,2,Tuesday
clicked_nav_drawer_manage_route_pricing,application,2026-02-18,10:56:02.636000,21:34:42.402000,3,,3,Wednesday
clicked_nav_drawer_menu,application,2025-11-28,16:38:45.425000,20:26:21.981000,3,,3,Friday
clicked_nav_drawer_menu,application,2025-11-29,09:12:53.647000,20:52:44.696000,4,,4,Saturday
clicked_nav_drawer_menu,application,2025-11-30,18:31:29.294000,18:31:29.294000,1,,1,Sunday
clicked_nav_drawer_menu,application,2025-12-01,05:01:37.945000,19:46:55.061000,5,,5,Monday
clicked_nav_drawer_menu,application,2025-12-02,07:35:33.049000,13:02:33.691000,4,,4,Tuesday
clicked_nav_drawer_menu,application,2025-12-03,00:30:41.378000,16:38:03.681000,10,,10,Wednesday
clicked_nav_drawer_menu,application,2025-12-04,12:18:38.931000,16:47:49.654000,3,,3,Thursday
clicked_nav_drawer_menu,application,2025-12-06,00:47:47.964000,17:58:00.013000,14,,14,Saturday
clicked_nav_drawer_menu,application,2025-12-07,04:27:18.162000,17:47:30.749000,20,,20,Sunday
clicked_nav_drawer_menu,application,2025-12-08,07:56:54.580000,16:01:03.257000,15,,15,Monday
clicked_nav_drawer_menu,application,2025-12-09,11:43:59.564000,22:11:30.912000,10,,10,Tuesday
clicked_nav_drawer_menu,application,2025-12-10,05:42:02.053000,21:03:01.037000,12,,12,Wednesday
clicked_nav_drawer_menu,application,2025-12-11,07:26:11.615000,20:53:46.421000,8,,8,Thursday
clicked_nav_drawer_menu,application,2025-12-12,15:51:26.143000,19:39:47.773000,6,,6,Friday
clicked_nav_drawer_menu,application,2025-12-13,03:46:41.192000,20:13:16.046000,27,,27,Saturday
clicked_nav_drawer_menu,application,2025-12-14,08:57:41.919000,13:04:23.154000,5,,5,Sunday
clicked_nav_drawer_menu,application,2025-12-15,09:16:25.962000,22:40:51.749000,4,,4,Monday
clicked_nav_drawer_menu,application,2025-12-16,10:55:04.570000,16:55:22.580000,5,,5,Tuesday
clicked_nav_drawer_menu,application,2025-12-17,08:40:33.868000,20:48:23.558000,10,,10,Wednesday
clicked_nav_drawer_menu,application,2025-12-18,07:57:52.296000,21:00:46.609000,31,,31,Thursday
clicked_nav_drawer_menu,application,2025-12-19,10:04:22.511000,23:55:57.615000,30,,30,Friday
clicked_nav_drawer_menu,application,2025-12-20,01:23:43.084000,22:52:20.266000,58,,58,Saturday
clicked_nav_drawer_menu,application,2025-12-21,01:15:40.824000,16:47:29.297000,14,,14,Sunday
clicked_nav_drawer_menu,application,2025-12-22,08:18:12.894000,23:58:01.621000,38,,38,Monday
clicked_nav_drawer_menu,application,2025-12-23,07:26:21.063000,21:28:17.952000,30,,30,Tuesday
clicked_nav_drawer_menu,application,2025-12-24,00:08:34.442000,23:03:42.120000,46,,46,Wednesday
clicked_nav_drawer_menu,application,2025-12-25,11:01:29.438000,21:29:39.596000,22,,22,Thursday
clicked_nav_drawer_menu,application,2025-12-26,07:56:22.445000,23:48:40.204000,36,,36,Friday
clicked_nav_drawer_menu,application,2025-12-27,01:51:40.496000,17:35:10.355000,11,,11,Saturday
clicked_nav_drawer_menu,application,2025-12-28,07:16:00.926000,19:57:34.032000,7,,7,Sunday
clicked_nav_drawer_menu,application,2025-12-29,10:16:27.877000,21:03:32.675000,23,,23,Monday
clicked_nav_drawer_menu,application,2025-12-30,09:26:39.291000,18:36:11.969000,7,,7,Tuesday
clicked_nav_drawer_menu,application,2025-12-31,04:48:53.471000,21:40:17.789000,13,,13,Wednesday
clicked_nav_drawer_menu,application,2026-01-01,08:41:25.450000,18:30:26.057000,14,,14,Thursday
clicked_nav_drawer_menu,application,2026-01-02,09:32:53.230000,20:31:24.381000,7,,7,Friday
clicked_nav_drawer_menu,application,2026-01-03,10:19:12.198000,15:42:51.429000,8,,8,Saturday
clicked_nav_drawer_menu,application,2026-01-04,04:28:54.511000,22:36:04.920000,30,,30,Sunday
clicked_nav_drawer_menu,application,2026-01-05,07:29:22.955000,21:33:51.492000,142,,142,Monday
clicked_nav_drawer_menu,application,2026-01-06,05:07:30.506000,18:49:29.443000,10,,10,Tuesday
clicked_nav_drawer_menu,application,2026-01-07,06:56:47.476000,21:32:51.931000,17,,17,Wednesday
clicked_nav_drawer_menu,application,2026-01-08,07:45:09.478000,20:49:09.241000,11,,11,Thursday
clicked_nav_drawer_menu,application,2026-01-09,07:58:13.917000,22:29:27.384000,17,,17,Friday
clicked_nav_drawer_menu,application,2026-01-10,14:35:18.734000,21:21:12.228000,23,,23,Saturday
clicked_nav_drawer_menu,application,2026-01-11,09:37:38.858000,13:50:29.608000,6,,6,Sunday
clicked_nav_drawer_menu,application,2026-01-12,11:53:01.948000,22:21:17.868000,22,,22,Monday
clicked_nav_drawer_menu,application,2026-01-13,07:49:21.886000,18:29:51.373000,13,,13,Tuesday
clicked_nav_drawer_menu,application,2026-01-14,08:23:38.142000,23:55:49.465000,20,,20,Wednesday
clicked_nav_drawer_menu,application,2026-01-15,07:13:40.250000,22:17:41.997000,13,,13,Thursday
clicked_nav_drawer_menu,application,2026-01-16,09:03:59.759000,21:15:51.861000,24,,24,Friday
clicked_nav_drawer_menu,application,2026-01-17,12:41:12.594000,20:00:03.218000,9,,9,Saturday
clicked_nav_drawer_menu,application,2026-01-18,12:17:56.452000,12:17:56.452000,1,,1,Sunday
clicked_nav_drawer_menu,application,2026-01-23,11:45:22.686000,18:22:32.605000,11,,11,Friday
clicked_nav_drawer_menu,application,2026-01-24,07:26:03.041000,23:20:13.006000,26,,26,Saturday
clicked_nav_drawer_menu,application,2026-01-25,10:13:13.455000,23:19:18.949000,5,,5,Sunday
clicked_nav_drawer_menu,application,2026-01-26,08:43:25.311000,16:11:26.320000,8,,8,Monday
clicked_nav_drawer_menu,application,2026-01-27,11:57:05.213000,20:24:08.749000,69,,69,Tuesday
clicked_nav_drawer_menu,application,2026-01-28,00:23:14.589000,21:44:43.142000,19,,19,Wednesday
clicked_nav_drawer_menu,application,2026-01-29,06:43:12.629000,22:32:47.115000,16,,16,Thursday
clicked_nav_drawer_menu,application,2026-01-30,11:32:36.984000,19:27:05.194000,5,,5,Friday
clicked_nav_drawer_menu,application,2026-01-31,10:26:00.441000,18:42:52.917000,13,,13,Saturday
clicked_nav_drawer_menu,application,2026-02-01,10:20:57.604000,23:05:34.754000,6,,6,Sunday
clicked_nav_drawer_menu,application,2026-02-02,10:13:53.326000,20:34:54.436000,13,,13,Monday
clicked_nav_drawer_menu,application,2026-02-03,00:02:15.210000,21:04:36.771000,19,,19,Tuesday
clicked_nav_drawer_menu,application,2026-02-04,06:40:02.065000,20:21:25.983000,25,,25,Wednesday
clicked_nav_drawer_menu,application,2026-02-05,07:11:38.717000,20:10:19.624000,6,,6,Thursday
clicked_nav_drawer_menu,application,2026-02-06,11:33:34.028000,17:59:03.741000,18,,18,Friday
clicked_nav_drawer_menu,application,2026-02-07,08:27:54.115000,17:01:46.068000,9,,9,Saturday
clicked_nav_drawer_menu,application,2026-02-08,02:02:20.965000,22:53:12.696000,17,,17,Sunday
clicked_nav_drawer_menu,application,2026-02-09,07:11:15.705000,21:35:08.687000,16,,16,Monday
clicked_nav_drawer_menu,application,2026-02-10,04:29:40.108000,23:24:01.396000,34,,34,Tuesday
clicked_nav_drawer_menu,application,2026-02-11,07:35:51.444000,18:48:24.428000,66,,66,Wednesday
clicked_nav_drawer_menu,application,2026-02-12,12:22:56.904000,22:18:54.735000,19,,19,Thursday
clicked_nav_drawer_menu,application,2026-02-13,00:23:32.865000,22:14:24.754000,22,,22,Friday
clicked_nav_drawer_menu,application,2026-02-14,05:46:41.435000,20:36:11.793000,22,,22,Saturday
clicked_nav_drawer_menu,application,2026-02-15,11:08:42.583000,22:22:31.700000,7,,7,Sunday
clicked_nav_drawer_menu,application,2026-02-16,00:05:58.868000,20:58:23.756000,38,,38,Monday
clicked_nav_drawer_menu,application,2026-02-17,04:44:42.116000,22:32:53.120000,25,,25,Tuesday
clicked_nav_drawer_menu,application,2026-02-18,06:38:16.906000,21:35:39.425000,34,,34,Wednesday
clicked_nav_drawer_menu,application,2026-02-19,09:26:12.974000,20:12:25.473000,13,,13,Thursday
clicked_nav_drawer_my_profile,application,2025-12-18,18:43:07.586000,18:43:07.586000,1,,1,Thursday
clicked_nav_drawer_my_profile,application,2025-12-20,01:28:36.528000,01:28:36.528000,1,,1,Saturday
clicked_nav_drawer_my_profile,application,2025-12-22,12:06:29.391000,12:06:29.391000,1,,1,Monday
clicked_nav_drawer_my_profile,application,2026-01-04,21:24:48.392000,21:24:48.392000,3,,3,Sunday
clicked_nav_drawer_my_profile,application,2026-01-05,15:18:19.760000,15:24:49.010000,7,,7,Monday
clicked_nav_drawer_my_profile,application,2026-01-14,15:24:22.186000,15:24:22.186000,1,,1,Wednesday
clicked_nav_drawer_my_profile,application,2026-01-16,14:20:19.650000,16:25:18.964000,2,,2,Friday
clicked_nav_drawer_my_profile,application,2026-01-17,14:23:29.227000,14:25:14.571000,2,,2,Saturday
clicked_nav_drawer_my_profile,application,2026-01-27,15:55:13.866000,15:55:13.866000,1,,1,Tuesday
clicked_nav_drawer_my_profile,application,2026-01-28,15:13:24.773000,15:13:24.773000,1,,1,Wednesday
clicked_nav_drawer_my_profile,application,2026-02-02,20:34:57.977000,20:34:57.977000,1,,1,Monday
clicked_nav_drawer_my_profile,application,2026-02-08,02:02:47.156000,02:02:47.156000,1,,1,Sunday
clicked_nav_drawer_my_profile,application,2026-02-11,11:00:55.488000,17:33:08.817000,3,,3,Wednesday
clicked_nav_drawer_my_profile,application,2026-02-16,00:06:01.315000,18:20:19.422000,2,,2,Monday
clicked_nav_drawer_offer_discount,application,2025-12-19,18:35:14.017000,18:35:14.017000,1,,1,Friday
clicked_nav_drawer_offer_discount,application,2025-12-20,01:40:05.451000,19:47:55.189000,2,,2,Saturday
clicked_nav_drawer_offer_discount,application,2025-12-23,16:52:04.418000,16:52:04.418000,1,,1,Tuesday
clicked_nav_drawer_offer_discount,application,2025-12-24,11:03:55.832000,11:03:55.832000,1,,1,Wednesday
clicked_nav_drawer_offer_discount,application,2026-01-04,21:25:19.194000,21:25:19.194000,3,,3,Sunday
clicked_nav_drawer_offer_discount,application,2026-01-27,15:16:23.521000,15:16:23.521000,1,,1,Tuesday
clicked_nav_drawer_offer_discount,application,2026-01-29,12:40:43.118000,12:40:43.118000,1,,1,Thursday
clicked_nav_drawer_offer_discount,application,2026-02-04,18:06:17.090000,18:06:17.090000,1,,1,Wednesday
clicked_nav_drawer_offer_discount,application,2026-02-11,15:30:19.482000,17:33:37.152000,2,,2,Wednesday
clicked_nav_drawer_offer_discount,application,2026-02-18,15:32:07.330000,15:32:07.330000,1,,1,Wednesday
clicked_nav_drawer_online_payments_history,application,2025-12-20,16:15:06.256000,19:40:48.153000,3,,3,Saturday
clicked_nav_drawer_online_payments_history,application,2025-12-24,21:56:12.205000,21:56:12.205000,1,,1,Wednesday
clicked_nav_drawer_online_payments_history,application,2026-01-04,21:24:40.835000,21:24:40.835000,3,,3,Sunday
clicked_nav_drawer_online_payments_history,application,2026-01-06,07:45:08.203000,07:45:08.203000,1,,1,Tuesday
clicked_nav_drawer_online_payments_history,application,2026-01-12,19:57:12.254000,19:57:12.254000,1,,1,Monday
clicked_nav_drawer_online_payments_history,application,2026-01-17,13:50:32.086000,13:50:32.086000,1,,1,Saturday
clicked_nav_drawer_online_payments_history,application,2026-01-27,15:16:14.131000,15:16:14.131000,1,,1,Tuesday
clicked_nav_drawer_online_payments_history,application,2026-02-08,10:57:20.490000,10:57:20.490000,1,,1,Sunday
clicked_nav_drawer_online_payments_history,application,2026-02-09,17:15:46.861000,17:15:46.861000,1,,1,Monday
clicked_nav_drawer_online_payments_history,application,2026-02-12,14:42:03.159000,14:42:03.159000,1,,1,Thursday
clicked_nav_drawer_online_payments_history,application,2026-02-18,13:36:31.671000,13:36:31.671000,1,,1,Wednesday
clicked_nav_drawer_pos_settings,application,2025-12-06,14:40:13.325000,14:40:13.325000,1,,1,Saturday
clicked_nav_drawer_pos_settings,application,2025-12-07,04:27:24.055000,08:46:30.176000,3,,3,Sunday
clicked_nav_drawer_pos_settings,application,2025-12-17,15:41:02.196000,15:41:02.196000,1,,1,Wednesday
clicked_nav_drawer_pos_settings,application,2025-12-18,16:57:31.929000,18:43:50.304000,3,,3,Thursday
clicked_nav_drawer_pos_settings,application,2025-12-20,01:27:56.825000,22:52:26.765000,4,,4,Saturday
clicked_nav_drawer_pos_settings,application,2025-12-22,18:07:52.713000,18:15:20.835000,3,,3,Monday
clicked_nav_drawer_pos_settings,application,2025-12-23,15:30:59.774000,15:30:59.774000,1,,1,Tuesday
clicked_nav_drawer_pos_settings,application,2025-12-24,10:10:09.788000,12:31:35.178000,2,,2,Wednesday
clicked_nav_drawer_pos_settings,application,2025-12-25,12:16:17.712000,17:48:05.755000,2,,2,Thursday
clicked_nav_drawer_pos_settings,application,2025-12-26,09:21:18.012000,16:10:37.830000,7,,7,Friday
clicked_nav_drawer_pos_settings,application,2025-12-27,13:17:20.158000,13:17:20.158000,1,,1,Saturday
clicked_nav_drawer_pos_settings,application,2025-12-28,07:16:03.726000,07:16:03.726000,1,,1,Sunday
clicked_nav_drawer_pos_settings,application,2025-12-29,10:58:01.374000,14:13:31.179000,2,,2,Monday
clicked_nav_drawer_pos_settings,application,2025-12-30,12:38:40.077000,12:38:40.077000,1,,1,Tuesday
clicked_nav_drawer_pos_settings,application,2026-01-03,10:19:15.534000,15:39:36.692000,2,,2,Saturday
clicked_nav_drawer_pos_settings,application,2026-01-04,12:10:10.573000,12:10:10.573000,1,,1,Sunday
clicked_nav_drawer_pos_settings,application,2026-01-05,13:29:52.709000,18:26:05.182000,4,,4,Monday
clicked_nav_drawer_pos_settings,application,2026-01-07,12:54:02.493000,21:32:53.730000,2,,2,Wednesday
clicked_nav_drawer_pos_settings,application,2026-01-13,08:57:43.864000,08:57:43.864000,1,,1,Tuesday
clicked_nav_drawer_pos_settings,application,2026-01-14,08:23:48.121000,08:23:48.121000,1,,1,Wednesday
clicked_nav_drawer_pos_settings,application,2026-01-15,19:09:43.739000,19:09:43.739000,1,,1,Thursday
clicked_nav_drawer_pos_settings,application,2026-01-24,19:22:23.067000,19:30:07.553000,2,,2,Saturday
clicked_nav_drawer_pos_settings,application,2026-01-26,08:43:37.320000,10:48:39.005000,2,,2,Monday
clicked_nav_drawer_pos_settings,application,2026-01-27,15:16:32.827000,17:24:50.784000,7,,7,Tuesday
clicked_nav_drawer_pos_settings,application,2026-01-28,11:11:44.677000,11:11:44.677000,1,,1,Wednesday
clicked_nav_drawer_pos_settings,application,2026-01-29,11:54:43.185000,22:33:03.428000,2,,2,Thursday
clicked_nav_drawer_pos_settings,application,2026-02-02,20:33:39.320000,20:33:39.320000,1,,1,Monday
clicked_nav_drawer_pos_settings,application,2026-02-04,06:40:08.066000,06:40:08.066000,1,,1,Wednesday
clicked_nav_drawer_pos_settings,application,2026-02-08,02:44:34.156000,02:44:34.156000,1,,1,Sunday
clicked_nav_drawer_pos_settings,application,2026-02-10,18:24:23.219000,18:24:23.219000,1,,1,Tuesday
clicked_nav_drawer_pos_settings,application,2026-02-11,10:52:36.197000,10:52:36.197000,1,,1,Wednesday
clicked_nav_drawer_pos_settings,application,2026-02-12,17:08:45.949000,17:08:45.949000,1,,1,Thursday
clicked_nav_drawer_pos_settings,application,2026-02-16,14:07:11.798000,14:10:17.998000,2,,2,Monday
clicked_nav_drawer_pos_settings,application,2026-02-18,21:35:33.430000,21:35:33.430000,1,,1,Wednesday
clicked_nav_drawer_recharge,application,2025-12-29,13:54:37.529000,13:54:37.529000,1,,1,Monday
clicked_nav_drawer_recharge,application,2026-01-27,15:47:43.180000,15:55:02.463000,2,,2,Tuesday
clicked_nav_drawer_recharge,application,2026-02-10,15:30:38.131000,15:32:08.538000,2,,2,Tuesday
clicked_nav_drawer_recharge,application,2026-02-17,18:48:16.492000,18:48:16.492000,1,,1,Tuesday
clicked_nav_drawer_recharge,application,2026-02-18,21:34:19.092000,21:34:19.092000,1,,1,Wednesday
clicked_nav_drawer_reports,application,2025-12-06,14:02:43.539000,14:02:43.539000,1,,1,Saturday
clicked_nav_drawer_reports,application,2025-12-07,05:45:01.801000,12:54:32.052000,2,,2,Sunday
clicked_nav_drawer_reports,application,2025-12-08,15:32:25.744000,15:32:25.744000,1,,1,Monday
clicked_nav_drawer_reports,application,2025-12-09,12:16:43.490000,12:16:43.490000,1,,1,Tuesday
clicked_nav_drawer_reports,application,2025-12-13,07:57:11.899000,14:24:47.112000,2,,2,Saturday
clicked_nav_drawer_reports,application,2025-12-18,15:32:11.237000,15:54:35.342000,3,,3,Thursday
clicked_nav_drawer_reports,application,2025-12-19,14:03:16.341000,16:01:39.033000,3,,3,Friday
clicked_nav_drawer_reports,application,2025-12-20,01:27:38.938000,19:44:56.857000,7,,7,Saturday
clicked_nav_drawer_reports,application,2025-12-21,14:10:16.109000,16:24:20.584000,3,,3,Sunday
clicked_nav_drawer_reports,application,2025-12-22,08:19:53.136000,17:01:22.037000,7,,7,Monday
clicked_nav_drawer_reports,application,2025-12-23,13:49:24.640000,17:10:50.258000,3,,3,Tuesday
clicked_nav_drawer_reports,application,2025-12-24,07:28:04.959000,07:28:04.959000,1,,1,Wednesday
clicked_nav_drawer_reports,application,2025-12-26,17:32:52.402000,17:32:52.402000,1,,1,Friday
clicked_nav_drawer_reports,application,2025-12-31,04:49:01.073000,04:49:01.073000,1,,1,Wednesday
clicked_nav_drawer_reports,application,2026-01-03,15:42:53.746000,15:42:53.746000,1,,1,Saturday
clicked_nav_drawer_reports,application,2026-01-04,04:28:57.179000,04:28:57.179000,1,,1,Sunday
clicked_nav_drawer_reports,application,2026-01-05,07:49:19.919000,15:18:14.191000,6,,6,Monday
clicked_nav_drawer_reports,application,2026-01-06,05:07:33.948000,05:07:33.948000,1,,1,Tuesday
clicked_nav_drawer_reports,application,2026-01-07,21:31:00.869000,21:31:00.869000,1,,1,Wednesday
clicked_nav_drawer_reports,application,2026-01-13,08:57:00.241000,08:57:00.241000,1,,1,Tuesday
clicked_nav_drawer_reports,application,2026-01-16,12:44:13.593000,12:44:13.593000,1,,1,Friday
clicked_nav_drawer_reports,application,2026-02-07,09:17:30.113000,09:17:30.113000,1,,1,Saturday
clicked_nav_drawer_reports,application,2026-02-11,11:06:04.810000,11:06:04.810000,1,,1,Wednesday
clicked_nav_drawer_reports,application,2026-02-13,22:14:31.112000,22:14:31.112000,1,,1,Friday
clicked_nav_drawer_reports,application,2026-02-17,16:59:10.427000,17:03:44.684000,2,,2,Tuesday
clicked_nav_drawer_t&c,application,2025-12-20,19:40:03.175000,19:48:11.261000,3,,3,Saturday
clicked_nav_drawer_t&c,application,2025-12-25,16:39:50.555000,16:39:50.555000,1,,1,Thursday
clicked_nav_drawer_t&c,application,2026-01-05,11:56:43.998000,11:56:43.998000,1,,1,Monday
clicked_nav_drawer_t&c,application,2026-01-06,13:08:31.200000,13:08:31.200000,1,,1,Tuesday
clicked_nav_drawer_t&c,application,2026-01-27,15:47:54.716000,17:24:40.512000,2,,2,Tuesday
clicked_nav_drawer_t&c,application,2026-02-10,11:01:21.822000,11:01:21.822000,1,,1,Tuesday
clicked_nav_drawer_t&c,application,2026-02-18,21:35:13.897000,21:35:13.897000,1,,1,Wednesday
clicked_nav_drawer_training_videos,application,2026-01-14,15:24:05.681000,15:24:05.681000,1,,1,Wednesday
clicked_nav_drawer_training_videos,application,2026-01-27,17:24:29.258000,17:27:55.068000,2,,2,Tuesday
clicked_offer_discount_chat_us,application,2026-01-24,12:28:52.438000,12:28:52.438000,1,,1,Saturday
clicked_offer_discount_delete_confirm,application,2025-12-13,08:16:49.163000,08:16:49.163000,2,,2,Saturday
clicked_offer_discount_edit,application,2025-11-29,12:23:48.824000,12:24:24.923000,3,,3,Saturday
clicked_offer_discount_edit,application,2025-12-02,20:32:43.975000,20:32:43.975000,1,,1,Tuesday
clicked_offer_discount_edit,application,2025-12-06,10:48:16.650000,10:48:16.650000,1,,1,Saturday
clicked_offer_discount_edit,application,2025-12-08,13:23:05.866000,13:23:05.866000,1,,1,Monday
clicked_offer_discount_edit,application,2025-12-13,08:16:55.926000,08:16:55.926000,2,,2,Saturday
clicked_offer_discount_edit,application,2025-12-19,20:03:43.763000,20:03:43.763000,1,,1,Friday
clicked_offer_discount_edit,application,2025-12-27,15:46:35.452000,15:46:49.463000,4,,4,Saturday
clicked_offer_discount_edit,application,2026-01-11,14:09:34.741000,14:09:34.741000,1,,1,Sunday
clicked_offer_discount_edit,application,2026-02-12,17:37:19.666000,17:39:15.411000,6,,6,Thursday
clicked_on_video,application,2025-12-06,10:42:33.333000,10:43:19.874000,2,,2,Saturday
clicked_on_video,application,2025-12-08,06:57:48.020000,07:01:47.134000,3,,3,Monday
clicked_on_video,application,2025-12-15,23:28:24.862000,23:29:11.644000,2,,2,Monday
clicked_on_video,application,2025-12-21,22:32:03.676000,22:41:27.393000,2,,2,Sunday
clicked_on_video,application,2025-12-23,12:07:04.757000,12:07:05.655000,7,,7,Tuesday
clicked_on_video,application,2026-01-16,14:24:09.576000,14:24:09.576000,1,,1,Friday
clicked_on_video,application,2026-01-17,14:26:29.745000,14:26:29.745000,1,,1,Saturday
clicked_on_video,application,2026-01-27,12:58:44.027000,17:31:21.209000,4,,4,Tuesday
clicked_on_video,application,2026-02-08,11:38:03.587000,11:38:03.587000,1,,1,Sunday
clicked_on_video,application,2026-02-11,23:35:16.960000,23:35:16.960000,1,,1,Wednesday
clicked_on_video,application,2026-02-18,21:25:28.740000,21:29:45.315000,2,,2,Wednesday
clicked_recharge_page_my_subscription,application,2025-12-29,13:54:43.697000,13:54:43.697000,1,,1,Monday
clicked_recharge_page_my_subscription,application,2026-01-27,15:47:45.081000,15:55:04.098000,2,,2,Tuesday
clicked_recharge_page_my_subscription,application,2026-02-10,15:30:39.729000,15:30:39.729000,1,,1,Tuesday
clicked_recharge_page_my_subscription,application,2026-02-17,18:48:17.644000,18:48:17.644000,1,,1,Tuesday
clicked_recharge_page_my_subscription,application,2026-02-18,21:34:21.544000,21:34:21.544000,1,,1,Wednesday
clicked_recharge_page_recaharge_history_btn,application,2025-12-29,13:54:46.022000,13:54:46.022000,1,,1,Monday
clicked_recharge_page_recaharge_history_btn,application,2026-01-27,15:47:46.113000,15:55:04.797000,2,,2,Tuesday
clicked_recharge_page_recaharge_history_btn,application,2026-02-10,15:30:40.232000,15:30:40.232000,1,,1,Tuesday
clicked_recharge_page_recaharge_history_btn,application,2026-02-17,18:48:18.828000,18:48:18.828000,1,,1,Tuesday
clicked_recharge_page_recaharge_history_btn,application,2026-02-18,21:34:22.712000,21:34:22.712000,1,,1,Wednesday
clicked_reports_delete_trip_confirmation_btn,application,2025-12-06,20:58:22.099000,20:58:22.099000,1,,1,Saturday
clicked_reports_delete_trip_confirmation_btn,application,2025-12-21,13:24:08.633000,13:24:14.000000,2,,2,Sunday
clicked_reports_delete_trip_confirmation_btn,application,2025-12-29,22:01:38.619000,22:01:38.619000,1,,1,Monday
clicked_reports_delete_trip_confirmation_btn,application,2025-12-31,10:06:04.842000,10:06:04.842000,1,,1,Wednesday
clicked_reports_delete_trip_confirmation_btn,application,2026-01-02,08:57:47.301000,08:57:47.301000,1,,1,Friday
clicked_reports_delete_trip_confirmation_btn,application,2026-01-04,21:02:58.024000,21:21:23.534000,18,,18,Sunday
clicked_reports_delete_trip_confirmation_btn,application,2026-01-05,13:48:07.751000,13:57:37.152000,4,,4,Monday
clicked_reports_delete_trip_confirmation_btn,application,2026-01-08,15:22:13.135000,15:22:13.135000,1,,1,Thursday
clicked_reports_delete_trip_confirmation_btn,application,2026-01-25,13:47:21.971000,21:45:30.007000,2,,2,Sunday
clicked_reports_delete_trip_confirmation_btn,application,2026-02-06,20:12:33.725000,20:12:33.725000,1,,1,Friday
clicked_reports_delete_trip_confirmation_btn,application,2026-02-16,18:04:07.899000,18:06:24.548000,10,,10,Monday
clicked_reports_delete_trip_confirmation_btn,application,2026-02-17,13:58:16.623000,19:23:20.550000,6,,6,Tuesday
clicked_view_pricing_page_feedback,application,2025-12-09,12:20:25.585000,12:20:25.585000,1,,1,Tuesday
clicked_view_pricing_page_prices_download,application,2025-12-13,14:41:29.892000,14:41:29.892000,1,,1,Saturday
clicked_view_pricing_page_prices_upload,application,2026-01-15,16:07:57.686000,16:07:57.686000,1,,1,Thursday
clicked_view_pricing_page_prices_upload,application,2026-01-16,09:25:24.372000,09:25:24.372000,1,,1,Friday
clicked_view_pricing_page_seat_type_selection,application,2025-12-09,12:18:17.205000,12:18:17.205000,1,,1,Tuesday
clicked_view_pricing_page_seat_type_selection,application,2025-12-13,14:38:41.375000,17:41:17.152000,2,,2,Saturday
clicked_view_pricing_page_seat_type_selection,application,2025-12-15,13:27:20.222000,13:27:23.898000,3,,3,Monday
clicked_view_pricing_page_seat_type_selection,application,2025-12-18,09:30:29.911000,09:30:29.911000,3,,3,Thursday
clicked_view_pricing_page_seat_type_selection,application,2025-12-19,11:12:37.860000,11:12:37.860000,1,,1,Friday
clicked_view_pricing_page_seat_type_selection,application,2025-12-20,18:56:51.377000,18:56:51.377000,1,,1,Saturday
clicked_view_pricing_page_seat_type_selection,application,2026-01-16,12:42:12.243000,12:42:23.111000,8,,8,Friday
clicked_view_pricing_page_seat_type_selection,application,2026-02-12,12:04:04.108000,12:04:07.300000,2,,2,Thursday
clicked_view_pricing_page_seat_type_selection,application,2026-02-16,17:25:13.798000,17:25:15.265000,3,,3,Monday
clicked_view_pricing_page_seat_type_selection,application,2026-02-17,09:58:10.222000,09:58:10.222000,1,,1,Tuesday
clicked_view_route_page_contact_us_btn,application,2025-12-06,10:24:05.853000,10:24:05.853000,1,,1,Saturday
clicked_view_route_page_contact_us_btn,application,2025-12-19,11:12:18.712000,11:12:18.712000,1,,1,Friday
clicked_view_route_page_contact_us_btn,application,2025-12-28,19:12:22.108000,19:12:24.575000,2,,2,Sunday
clicked_view_route_page_contact_us_btn,application,2026-01-04,12:51:39.988000,21:07:45.661000,7,,7,Sunday
clicked_view_route_page_contact_us_btn,application,2026-01-09,07:59:05.233000,07:59:05.233000,1,,1,Friday
clicked_view_route_page_contact_us_btn,application,2026-01-15,22:16:50.572000,22:16:52.103000,4,,4,Thursday
clicked_view_route_page_contact_us_btn,application,2026-02-08,18:14:38.445000,18:14:38.445000,1,,1,Sunday
clicked_view_route_page_contact_us_btn,application,2026-02-10,23:26:13.301000,23:26:13.301000,1,,1,Tuesday
clicked_view_route_page_contact_us_btn,application,2026-02-16,17:50:08.421000,17:50:08.421000,1,,1,Monday
clicked_view_route_page_contact_us_btn,application,2026-02-17,22:30:49.323000,22:30:54.209000,2,,2,Tuesday
clicked_view_route_page_feedback,application,2025-12-20,10:51:00.552000,10:51:00.552000,1,,1,Saturday
clicked_view_route_page_feedback,application,2026-01-13,12:35:54.694000,12:35:54.694000,1,,1,Tuesday
clicked_view_route_page_submit_changes,application,2025-12-08,10:34:45.095000,15:34:25.922000,3,,3,Monday
clicked_view_route_page_submit_changes,application,2025-12-09,12:14:53.612000,12:19:53.983000,3,,3,Tuesday
clicked_view_route_page_submit_changes,application,2025-12-13,08:05:45.819000,14:38:48.373000,2,,2,Saturday
clicked_view_route_page_submit_changes,application,2025-12-18,08:04:32.033000,09:31:00.286000,4,,4,Thursday
clicked_view_route_page_submit_changes,application,2025-12-21,12:03:13.782000,12:03:13.782000,7,,7,Sunday
clicked_view_route_page_submit_changes,application,2025-12-23,10:19:01.417000,15:24:57.073000,15,,15,Tuesday
clicked_view_route_page_submit_changes,application,2025-12-24,10:10:55.599000,15:28:08.626000,3,,3,Wednesday
clicked_view_route_page_submit_changes,application,2025-12-25,16:29:53.112000,21:49:37.626000,18,,18,Thursday
clicked_view_route_page_submit_changes,application,2025-12-26,10:00:23.838000,10:00:23.838000,3,,3,Friday
clicked_view_route_page_submit_changes,application,2025-12-27,10:13:18.697000,23:10:31.401000,4,,4,Saturday
clicked_view_route_page_submit_changes,application,2025-12-28,10:03:21.807000,11:15:47.011000,4,,4,Sunday
clicked_view_route_page_submit_changes,application,2025-12-30,13:10:18.632000,13:10:18.632000,1,,1,Tuesday
clicked_view_route_page_submit_changes,application,2025-12-31,10:33:29.762000,16:33:10.448000,7,,7,Wednesday
clicked_view_route_page_submit_changes,application,2026-01-01,07:40:21.364000,14:45:45.406000,19,,19,Thursday
clicked_view_route_page_submit_changes,application,2026-01-09,11:52:57.717000,16:16:51.051000,3,,3,Friday
clicked_view_route_page_submit_changes,application,2026-01-15,22:14:50.394000,22:14:50.394000,1,,1,Thursday
clicked_view_route_page_submit_changes,application,2026-01-16,09:20:45.963000,17:01:25.639000,10,,10,Friday
clicked_view_route_page_submit_changes,application,2026-01-23,13:48:06.114000,13:48:06.114000,1,,1,Friday
clicked_view_route_page_submit_changes,application,2026-01-28,20:39:53.462000,20:40:24.204000,3,,3,Wednesday
clicked_view_route_page_submit_changes,application,2026-02-02,12:18:32.545000,20:23:48.450000,2,,2,Monday
clicked_view_route_page_submit_changes,application,2026-02-05,12:20:11.544000,12:20:11.544000,1,,1,Thursday
clicked_view_route_page_submit_changes,application,2026-02-06,12:44:16.552000,12:44:16.552000,1,,1,Friday
clicked_view_route_page_submit_changes,application,2026-02-07,17:37:20.129000,17:37:20.129000,1,,1,Saturday
clicked_view_route_page_submit_changes,application,2026-02-08,11:15:49.176000,13:58:11.567000,4,,4,Sunday
clicked_view_route_page_submit_changes,application,2026-02-10,11:04:16.825000,11:04:16.825000,1,,1,Tuesday
clicked_view_route_page_submit_changes,application,2026-02-11,10:59:36.006000,11:26:55.391000,5,,5,Wednesday
clicked_view_route_page_submit_changes,application,2026-02-12,19:11:50.753000,19:11:50.753000,1,,1,Thursday
clicked_view_route_page_submit_changes,application,2026-02-16,17:25:05.225000,17:25:05.225000,1,,1,Monday
clicked_view_route_page_submit_changes,application,2026-02-17,22:32:35.854000,22:32:35.854000,1,,1,Tuesday
clicked_view_route_page_submit_changes_confirmed,application,2025-12-08,15:33:25.726000,15:34:27.156000,2,,2,Monday
clicked_view_route_page_submit_changes_confirmed,application,2025-12-09,12:15:20.717000,12:19:55.920000,2,,2,Tuesday
clicked_view_route_page_submit_changes_confirmed,application,2025-12-13,08:05:46.947000,14:38:51.265000,2,,2,Saturday
clicked_view_route_page_submit_changes_confirmed,application,2025-12-18,08:04:39.959000,08:04:39.959000,1,,1,Thursday
clicked_view_route_page_submit_changes_confirmed,application,2025-12-23,14:17:34.556000,15:24:57.956000,9,,9,Tuesday
clicked_view_route_page_submit_changes_confirmed,application,2025-12-24,15:26:43.067000,15:28:09.610000,2,,2,Wednesday
clicked_view_route_page_submit_changes_confirmed,application,2025-12-25,16:29:54.012000,21:49:38.761000,12,,12,Thursday
clicked_view_route_page_submit_changes_confirmed,application,2025-12-26,10:00:24.938000,10:00:24.938000,3,,3,Friday
clicked_view_route_page_submit_changes_confirmed,application,2025-12-27,06:59:53.618000,13:54:25.266000,3,,3,Saturday
clicked_view_route_page_submit_changes_confirmed,application,2025-12-28,10:03:22.823000,11:15:48.075000,4,,4,Sunday
clicked_view_route_page_submit_changes_confirmed,application,2025-12-31,10:33:29.762000,16:33:33.888000,6,,6,Wednesday
clicked_view_route_page_submit_changes_confirmed,application,2026-01-01,07:40:21.364000,14:45:45.407000,18,,18,Thursday
clicked_view_route_page_submit_changes_confirmed,application,2026-01-16,09:21:44.774000,17:01:29.239000,9,,9,Friday
clicked_view_route_page_submit_changes_confirmed,application,2026-02-02,20:23:50.666000,20:23:50.666000,1,,1,Monday
clicked_view_route_page_submit_changes_confirmed,application,2026-02-05,12:20:15.206000,12:20:15.206000,1,,1,Thursday
clicked_view_route_page_submit_changes_confirmed,application,2026-02-06,12:44:17.370000,12:44:17.370000,1,,1,Friday
clicked_view_route_page_submit_changes_confirmed,application,2026-02-07,17:37:21.708000,17:37:21.708000,1,,1,Saturday
clicked_view_route_page_submit_changes_confirmed,application,2026-02-08,13:58:13.602000,13:58:13.602000,1,,1,Sunday
clicked_view_route_page_submit_changes_confirmed,application,2026-02-11,10:59:37.056000,11:26:56.141000,5,,5,Wednesday
clicked_view_route_page_submit_changes_confirmed,application,2026-02-16,17:25:08.695000,17:25:08.695000,1,,1,Monday
dashboard_clicked_gps_vistar_se_dekhe_bus_card,application,2025-11-27,11:02:43.275000,11:06:08.063000,4,,4,Thursday
dashboard_clicked_gps_vistar_se_dekhe_bus_card,application,2025-11-28,08:18:42.144000,22:56:06.443000,4,,4,Friday
dashboard_clicked_gps_vistar_se_dekhe_bus_card,application,2025-11-29,08:20:35.152000,08:20:35.152000,1,,1,Saturday
dashboard_clicked_gps_vistar_se_dekhe_bus_card,application,2025-11-30,00:30:20.152000,08:29:01.549000,7,,7,Sunday
dashboard_clicked_gps_vistar_se_dekhe_bus_card,application,2025-12-03,05:38:35.415000,19:26:45.421000,8,,8,Wednesday
dashboard_clicked_gps_vistar_se_dekhe_bus_card,application,2025-12-04,18:22:32.824000,23:25:47.339000,2,,2,Thursday
dashboard_clicked_gps_vistar_se_dekhe_bus_card,application,2025-12-05,11:30:14.840000,21:34:50.099000,3,,3,Friday
dashboard_clicked_gps_vistar_se_dekhe_bus_card,application,2025-12-06,02:11:34.722000,17:54:39.711000,8,,8,Saturday
dashboard_clicked_gps_vistar_se_dekhe_bus_card,application,2025-12-07,07:09:54.363000,18:17:55.151000,3,,3,Sunday
dashboard_clicked_gps_vistar_se_dekhe_bus_card,application,2025-12-08,03:15:43.642000,21:50:09.875000,10,,10,Monday
dashboard_clicked_gps_vistar_se_dekhe_bus_card,application,2025-12-09,12:22:44.444000,12:23:16.156000,2,,2,Tuesday
dashboard_clicked_gps_vistar_se_dekhe_bus_card,application,2025-12-10,07:11:07.399000,23:38:34.216000,5,,5,Wednesday
dashboard_clicked_gps_vistar_se_dekhe_bus_card,application,2025-12-11,08:48:36.537000,18:58:14.636000,5,,5,Thursday
dashboard_clicked_gps_vistar_se_dekhe_bus_card,application,2025-12-12,11:30:59.717000,11:47:09.728000,2,,2,Friday
dashboard_clicked_gps_vistar_se_dekhe_bus_card,application,2025-12-13,16:14:15.781000,16:14:18.072000,2,,2,Saturday
dashboard_clicked_gps_vistar_se_dekhe_bus_card,application,2025-12-14,08:08:48.196000,15:28:45.534000,3,,3,Sunday
dashboard_clicked_gps_vistar_se_dekhe_bus_card,application,2025-12-15,08:59:31.970000,21:50:14.772000,2,,2,Monday
dashboard_clicked_gps_vistar_se_dekhe_bus_card,application,2025-12-16,09:04:11.547000,19:22:55.951000,3,,3,Tuesday
dashboard_clicked_gps_vistar_se_dekhe_bus_card,application,2025-12-17,20:17:51.382000,20:17:51.382000,1,,1,Wednesday
dashboard_clicked_gps_vistar_se_dekhe_bus_card,application,2025-12-18,08:41:00.776000,18:43:34.345000,10,,10,Thursday
dashboard_clicked_gps_vistar_se_dekhe_bus_card,application,2025-12-19,01:15:19.473000,23:57:32.540000,16,,16,Friday
dashboard_clicked_gps_vistar_se_dekhe_bus_card,application,2025-12-20,01:29:30.410000,22:05:40.088000,18,,18,Saturday
dashboard_clicked_gps_vistar_se_dekhe_bus_card,application,2025-12-21,01:16:41.415000,20:37:53.678000,22,,22,Sunday
dashboard_clicked_gps_vistar_se_dekhe_bus_card,application,2025-12-22,06:13:25.219000,20:00:36.917000,27,,27,Monday
dashboard_clicked_gps_vistar_se_dekhe_bus_card,application,2025-12-23,09:42:20.014000,23:39:52.425000,22,,22,Tuesday
dashboard_clicked_gps_vistar_se_dekhe_bus_card,application,2025-12-24,10:08:33.014000,23:45:25.960000,12,,12,Wednesday
dashboard_clicked_gps_vistar_se_dekhe_bus_card,application,2025-12-25,08:08:08.934000,21:13:35.439000,5,,5,Thursday
dashboard_clicked_gps_vistar_se_dekhe_bus_card,application,2025-12-26,00:00:42.221000,22:02:27.473000,15,,15,Friday
dashboard_clicked_gps_vistar_se_dekhe_bus_card,application,2025-12-27,02:11:27.965000,08:43:36.522000,4,,4,Saturday
dashboard_clicked_gps_vistar_se_dekhe_bus_card,application,2025-12-28,08:52:57.951000,18:38:04.472000,3,,3,Sunday
dashboard_clicked_gps_vistar_se_dekhe_bus_card,application,2025-12-29,12:08:14.794000,16:16:22.303000,2,,2,Monday
dashboard_clicked_gps_vistar_se_dekhe_bus_card,application,2025-12-31,07:27:38.299000,14:25:17.578000,2,,2,Wednesday
dashboard_clicked_gps_vistar_se_dekhe_bus_card,application,2026-01-02,09:10:56.004000,09:10:56.004000,1,,1,Friday
dashboard_clicked_gps_vistar_se_dekhe_bus_card,application,2026-01-03,08:40:08.979000,10:40:11.098000,2,,2,Saturday
dashboard_clicked_gps_vistar_se_dekhe_bus_card,application,2026-01-04,07:51:08.612000,21:57:48.996000,13,,13,Sunday
dashboard_clicked_gps_vistar_se_dekhe_bus_card,application,2026-01-05,05:37:21.144000,19:26:51.035000,18,,18,Monday
dashboard_clicked_gps_vistar_se_dekhe_bus_card,application,2026-01-06,10:43:36.889000,18:26:30.478000,2,,2,Tuesday
dashboard_clicked_gps_vistar_se_dekhe_bus_card,application,2026-01-07,09:58:10.428000,18:52:22.876000,5,,5,Wednesday
dashboard_clicked_gps_vistar_se_dekhe_bus_card,application,2026-01-08,05:59:08.003000,18:23:02.305000,3,,3,Thursday
dashboard_clicked_gps_vistar_se_dekhe_bus_card,application,2026-01-09,13:20:48.805000,14:30:24.397000,2,,2,Friday
dashboard_clicked_gps_vistar_se_dekhe_bus_card,application,2026-01-10,14:48:10.908000,14:48:10.908000,1,,1,Saturday
dashboard_clicked_gps_vistar_se_dekhe_bus_card,application,2026-01-11,05:14:52.011000,20:09:57.896000,2,,2,Sunday
dashboard_clicked_gps_vistar_se_dekhe_bus_card,application,2026-01-12,09:19:18.830000,17:01:54.130000,2,,2,Monday
dashboard_clicked_gps_vistar_se_dekhe_bus_card,application,2026-01-13,16:13:33.999000,17:29:43.428000,2,,2,Tuesday
dashboard_clicked_gps_vistar_se_dekhe_bus_card,application,2026-01-14,06:19:53.052000,15:57:37.373000,4,,4,Wednesday
dashboard_clicked_gps_vistar_se_dekhe_bus_card,application,2026-01-15,14:08:16.064000,14:52:59.138000,2,,2,Thursday
dashboard_clicked_gps_vistar_se_dekhe_bus_card,application,2026-01-16,11:36:56.160000,19:08:46.782000,5,,5,Friday
dashboard_clicked_gps_vistar_se_dekhe_bus_card,application,2026-01-17,14:51:22.855000,14:51:22.855000,1,,1,Saturday
dashboard_clicked_gps_vistar_se_dekhe_bus_card,application,2026-01-24,10:27:55.371000,10:27:55.371000,1,,1,Saturday
dashboard_clicked_gps_vistar_se_dekhe_bus_card,application,2026-01-25,15:56:31.596000,16:57:58.815000,2,,2,Sunday
dashboard_clicked_gps_vistar_se_dekhe_bus_card,application,2026-01-26,02:59:41.343000,16:32:31.500000,5,,5,Monday
dashboard_clicked_gps_vistar_se_dekhe_bus_card,application,2026-01-27,12:32:30.105000,17:53:20.236000,16,,16,Tuesday
dashboard_clicked_gps_vistar_se_dekhe_bus_card,application,2026-01-28,00:20:54.555000,18:40:33.533000,13,,13,Wednesday
dashboard_clicked_gps_vistar_se_dekhe_bus_card,application,2026-01-29,08:57:02.099000,23:59:36.798000,15,,15,Thursday
dashboard_clicked_gps_vistar_se_dekhe_bus_card,application,2026-01-30,02:23:59.340000,18:14:53.042000,3,,3,Friday
dashboard_clicked_gps_vistar_se_dekhe_bus_card,application,2026-01-31,10:27:14.828000,12:54:52.189000,7,,7,Saturday
dashboard_clicked_gps_vistar_se_dekhe_bus_card,application,2026-02-01,07:32:46.549000,16:39:19.907000,8,,8,Sunday
dashboard_clicked_gps_vistar_se_dekhe_bus_card,application,2026-02-02,09:33:23.175000,23:57:56.282000,7,,7,Monday
dashboard_clicked_gps_vistar_se_dekhe_bus_card,application,2026-02-03,19:22:50.350000,19:22:50.350000,1,,1,Tuesday
dashboard_clicked_gps_vistar_se_dekhe_bus_card,application,2026-02-04,05:40:50.201000,20:51:25.847000,3,,3,Wednesday
dashboard_clicked_gps_vistar_se_dekhe_bus_card,application,2026-02-05,04:44:27.763000,21:32:56.488000,3,,3,Thursday
dashboard_clicked_gps_vistar_se_dekhe_bus_card,application,2026-02-06,04:57:02.040000,23:53:32.869000,2,,2,Friday
dashboard_clicked_gps_vistar_se_dekhe_bus_card,application,2026-02-07,09:00:16.425000,23:17:17.239000,4,,4,Saturday
dashboard_clicked_gps_vistar_se_dekhe_bus_card,application,2026-02-08,11:26:38.588000,19:21:34.511000,3,,3,Sunday
dashboard_clicked_gps_vistar_se_dekhe_bus_card,application,2026-02-09,17:03:45.251000,17:03:45.251000,1,,1,Monday
dashboard_clicked_gps_vistar_se_dekhe_bus_card,application,2026-02-10,12:46:44.880000,13:14:18.523000,3,,3,Tuesday
dashboard_clicked_gps_vistar_se_dekhe_bus_card,application,2026-02-12,22:11:14.712000,22:42:28.097000,2,,2,Thursday
dashboard_clicked_gps_vistar_se_dekhe_bus_card,application,2026-02-13,09:02:17.513000,14:36:07.032000,4,,4,Friday
dashboard_clicked_gps_vistar_se_dekhe_bus_card,application,2026-02-15,10:54:15.802000,21:40:44.730000,4,,4,Sunday
dashboard_clicked_gps_vistar_se_dekhe_bus_card,application,2026-02-17,11:32:12.241000,11:32:12.241000,1,,1,Tuesday
dashboard_clicked_gps_vistar_se_dekhe_bus_card,application,2026-02-18,11:55:53.001000,21:33:30.378000,4,,4,Wednesday
dashboard_clicked_gps_vistar_se_dekhe_bus_card,application,2026-02-19,04:40:46.423000,22:42:01.742000,4,,4,Thursday
home_page_load_error,application,2025-11-27,07:42:57.805000,07:42:57.805000,1,,1,Thursday
home_page_load_error,application,2025-11-28,16:21:31.346000,21:17:43.696000,44,,44,Friday
home_page_load_error,application,2025-11-29,18:42:58.361000,18:49:36.328000,116,,116,Saturday
home_page_load_error,application,2025-11-30,06:18:13.237000,20:11:19.210000,79,,79,Sunday
home_page_load_error,application,2025-12-01,11:53:39.765000,21:20:17.034000,55,,55,Monday
home_page_load_error,application,2025-12-02,07:53:00.285000,22:56:34.063000,60,,60,Tuesday
home_page_load_error,application,2025-12-03,09:07:12.607000,17:58:47.590000,57,,57,Wednesday
home_page_load_error,application,2025-12-04,08:50:24.901000,19:27:54.890000,21,,21,Thursday
home_page_load_error,application,2025-12-05,01:14:22.125000,17:01:45.157000,81,,81,Friday
home_page_load_error,application,2025-12-06,10:08:01.407000,21:18:47.865000,68,,68,Saturday
home_page_load_error,application,2025-12-07,06:56:16.287000,18:28:54.930000,23,,23,Sunday
home_page_load_error,application,2025-12-08,09:57:30.772000,19:24:36.065000,161,,161,Monday
home_page_load_error,application,2025-12-09,14:12:48.724000,20:51:14.782000,18,,18,Tuesday
home_page_load_error,application,2025-12-10,06:27:42.386000,20:10:01.534000,45,,45,Wednesday
home_page_load_error,application,2025-12-11,08:18:45.516000,22:00:12.067000,47,,47,Thursday
home_page_load_error,application,2025-12-12,10:57:59.797000,19:35:06.517000,366,,366,Friday
home_page_load_error,application,2025-12-13,07:05:03.205000,19:00:54.160000,461,,461,Saturday
home_page_load_error,application,2025-12-14,10:11:59.610000,17:08:32.168000,4,,4,Sunday
home_page_load_error,application,2025-12-15,07:29:02.534000,18:25:07.373000,70,,70,Monday
home_page_load_error,application,2025-12-16,06:52:27.199000,16:52:34.057000,25,,25,Tuesday
home_page_load_error,application,2025-12-17,07:36:14.828000,21:16:20.765000,99,,99,Wednesday
home_page_load_error,application,2025-12-18,00:05:09.471000,16:57:03.485000,24,,24,Thursday
home_page_load_error,application,2025-12-19,12:11:27.101000,23:55:56.187000,44,,44,Friday
home_page_load_error,application,2025-12-20,08:45:24.512000,18:31:53.712000,110,,110,Saturday
home_page_load_error,application,2025-12-21,07:37:42.252000,19:33:34.977000,105,,105,Sunday
home_page_load_error,application,2025-12-22,07:37:09.192000,21:08:55.559000,316,,316,Monday
home_page_load_error,application,2025-12-23,07:36:33.051000,21:16:12.775000,92,,92,Tuesday
home_page_load_error,application,2025-12-24,04:22:35.054000,21:40:50.224000,3070,,3070,Wednesday
home_page_load_error,application,2025-12-25,08:48:33.447000,21:10:43.782000,59,,59,Thursday
home_page_load_error,application,2025-12-26,07:37:48.441000,19:44:57.572000,75,,75,Friday
home_page_load_error,application,2025-12-27,09:47:53.761000,20:19:26.657000,11,,11,Saturday
home_page_load_error,application,2025-12-28,07:04:17.000000,20:40:22.852000,26,,26,Sunday
home_page_load_error,application,2025-12-29,08:26:56.371000,18:52:14.195000,19,,19,Monday
home_page_load_error,application,2025-12-30,07:20:33.859000,16:40:59.413000,54,,54,Tuesday
home_page_load_error,application,2025-12-31,07:40:29.891000,15:35:25.658000,19,,19,Wednesday
home_page_load_error,application,2026-01-01,09:46:55.667000,21:55:51.001000,53,,53,Thursday
home_page_load_error,application,2026-01-02,07:37:44.706000,19:32:09.377000,7,,7,Friday
home_page_load_error,application,2026-01-03,08:06:48.975000,12:38:51.514000,5,,5,Saturday
home_page_load_error,application,2026-01-04,13:20:52.240000,18:46:43.357000,3,,3,Sunday
home_page_load_error,application,2026-01-05,10:04:17.169000,20:25:19.325000,871,,871,Monday
home_page_load_error,application,2026-01-06,01:40:44.676000,18:50:12.593000,684,,684,Tuesday
home_page_load_error,application,2026-01-07,09:51:38.203000,22:36:36.028000,391,,391,Wednesday
home_page_load_error,application,2026-01-08,06:32:17.922000,19:29:37.618000,47,,47,Thursday
home_page_load_error,application,2026-01-09,08:34:28.433000,19:52:24.206000,41,,41,Friday
home_page_load_error,application,2026-01-10,09:38:09.775000,18:49:18.942000,36,,36,Saturday
home_page_load_error,application,2026-01-11,07:18:27.971000,20:17:18.791000,36,,36,Sunday
home_page_load_error,application,2026-01-12,07:55:41.680000,17:55:32.408000,183,,183,Monday
home_page_load_error,application,2026-01-13,12:20:23.851000,19:24:48.286000,33,,33,Tuesday
home_page_load_error,application,2026-01-14,07:14:37.336000,22:40:34.035000,36,,36,Wednesday
home_page_load_error,application,2026-01-15,10:24:46.754000,22:23:49.093000,60,,60,Thursday
home_page_load_error,application,2026-01-16,07:59:36.878000,21:38:03.091000,255,,255,Friday
home_page_load_error,application,2026-01-17,05:45:19.556000,19:35:48.531000,111,,111,Saturday
home_page_load_error,application,2026-01-18,11:58:13.566000,11:58:15.014000,2,,2,Sunday
home_page_load_error,application,2026-01-23,08:13:57.163000,16:43:02.144000,37,,37,Friday
home_page_load_error,application,2026-01-24,07:15:50.286000,21:34:11.499000,207,,207,Saturday
home_page_load_error,application,2026-01-25,07:32:54.553000,18:37:28.512000,35,,35,Sunday
home_page_load_error,application,2026-01-26,08:58:30.800000,16:06:58.132000,102,,102,Monday
home_page_load_error,application,2026-01-27,08:27:53.647000,21:20:51.513000,36,,36,Tuesday
home_page_load_error,application,2026-01-28,00:17:41.277000,20:57:52.836000,32,,32,Wednesday
home_page_load_error,application,2026-01-29,08:18:43.434000,16:07:21.218000,61,,61,Thursday
home_page_load_error,application,2026-01-30,11:20:31.836000,18:07:46.900000,182,,182,Friday
home_page_load_error,application,2026-01-31,10:02:48.799000,17:23:49.187000,73,,73,Saturday
home_page_load_error,application,2026-02-01,06:37:25.288000,22:47:32.087000,47,,47,Sunday
home_page_load_error,application,2026-02-02,02:28:38.365000,20:25:24.891000,21,,21,Monday
home_page_load_error,application,2026-02-03,06:25:14.445000,18:55:29.369000,141,,141,Tuesday
home_page_load_error,application,2026-02-04,10:41:41.417000,19:39:18.893000,382,,382,Wednesday
home_page_load_error,application,2026-02-05,08:57:39.641000,20:02:03.122000,150,,150,Thursday
home_page_load_error,application,2026-02-06,04:23:44.942000,17:26:34.465000,63,,63,Friday
home_page_load_error,application,2026-02-07,08:20:37.823000,17:00:32.859000,27,,27,Saturday
home_page_load_error,application,2026-02-08,09:50:26.103000,17:20:32.446000,96,,96,Sunday
home_page_load_error,application,2026-02-09,12:07:46.023000,22:55:26.584000,323,,323,Monday
home_page_load_error,application,2026-02-10,04:38:10.557000,21:35:02.858000,52,,52,Tuesday
home_page_load_error,application,2026-02-11,07:35:49.267000,19:32:09.154000,143,,143,Wednesday
home_page_load_error,application,2026-02-12,12:44:43.671000,17:56:41.952000,26,,26,Thursday
home_page_load_error,application,2026-02-13,08:21:46.937000,20:28:37.010000,145,,145,Friday
home_page_load_error,application,2026-02-14,10:34:56.280000,17:40:07.171000,43,,43,Saturday
home_page_load_error,application,2026-02-15,10:05:55.267000,20:50:05.912000,28,,28,Sunday
home_page_load_error,application,2026-02-16,08:19:27.561000,20:22:37.536000,58,,58,Monday
home_page_load_error,application,2026-02-17,09:46:29.431000,17:46:09.569000,8,,8,Tuesday
home_page_load_error,application,2026-02-18,07:54:05.085000,20:14:36.769000,35,,35,Wednesday
home_page_load_error,application,2026-02-19,07:23:45.246000,20:29:36.338000,116,,116,Thursday
login_send_otp_failed,application,2025-12-20,16:30:58.784000,16:30:58.784000,1,,1,Saturday
login_send_otp_failed,application,2025-12-25,12:15:33.040000,14:15:06.261000,2,,2,Thursday
login_send_otp_failed,application,2025-12-27,01:06:01.304000,01:07:33.780000,2,,2,Saturday
login_send_otp_failed,application,2025-12-28,18:39:18.254000,18:39:51.720000,31,,31,Sunday
login_send_otp_failed,application,2025-12-30,20:57:24.405000,20:57:36.466000,3,,3,Tuesday
login_send_otp_failed,application,2026-01-07,20:25:19.037000,20:25:31.290000,2,,2,Wednesday
login_send_otp_failed,application,2026-01-08,11:31:16.288000,11:32:36.740000,7,,7,Thursday
login_send_otp_failed,application,2026-01-10,17:08:01.675000,17:08:01.675000,1,,1,Saturday
login_send_otp_failed,application,2026-01-15,16:32:36.938000,16:32:40.645000,2,,2,Thursday
login_send_otp_failed,application,2026-01-17,09:45:42.747000,09:45:42.747000,1,,1,Saturday
login_send_otp_failed,application,2026-02-02,09:50:10.688000,09:50:20.868000,4,,4,Monday
login_send_otp_failed,application,2026-02-03,10:52:34.993000,16:43:13.259000,2,,2,Tuesday
login_send_otp_failed,application,2026-02-17,12:48:32.837000,12:48:35.899000,2,,2,Tuesday
login_send_otp_failed,application,2026-02-18,09:25:26.118000,09:25:43.060000,4,,4,Wednesday
login_send_otp_failed,application,2026-02-19,15:22:43.928000,15:22:43.928000,1,,1,Thursday
login_verify_otp_failed,application,2025-12-17,12:59:40.958000,12:59:40.958000,1,,1,Wednesday
login_verify_otp_failed,application,2025-12-19,20:19:15.362000,20:19:15.362000,1,,1,Friday
login_verify_otp_failed,application,2025-12-20,22:51:55.069000,22:51:55.069000,1,,1,Saturday
login_verify_otp_failed,application,2025-12-25,16:23:38.888000,16:23:38.888000,3,,3,Thursday
login_verify_otp_failed,application,2025-12-27,01:06:21.206000,01:14:24.487000,2,,2,Saturday
login_verify_otp_failed,application,2025-12-30,21:05:08.790000,21:05:08.790000,1,,1,Tuesday
login_verify_otp_failed,application,2026-01-03,11:35:53.653000,11:36:15.679000,2,,2,Saturday
login_verify_otp_failed,application,2026-01-05,11:46:37.782000,15:34:59.988000,10,,10,Monday
login_verify_otp_failed,application,2026-01-07,14:10:10.794000,14:10:17.300000,2,,2,Wednesday
login_verify_otp_failed,application,2026-01-13,08:24:24.787000,08:25:06.069000,4,,4,Tuesday
login_verify_otp_failed,application,2026-01-15,11:30:22.213000,11:30:22.213000,1,,1,Thursday
login_verify_otp_failed,application,2026-01-24,21:51:33.285000,21:51:33.285000,1,,1,Saturday
login_verify_otp_failed,application,2026-01-28,12:17:28.400000,12:17:28.400000,1,,1,Wednesday
login_verify_otp_failed,application,2026-01-29,18:17:16.251000,18:17:16.251000,1,,1,Thursday
login_verify_otp_failed,application,2026-01-30,18:43:55.062000,18:44:27.176000,3,,3,Friday
login_verify_otp_failed,application,2026-02-03,12:42:33.577000,12:42:33.577000,1,,1,Tuesday
login_verify_otp_failed,application,2026-02-13,12:11:37.966000,12:11:37.966000,1,,1,Friday
login_verify_otp_failed,application,2026-02-16,14:06:31.602000,18:22:10.173000,3,,3,Monday
login_verify_otp_failed,application,2026-02-17,08:41:20.949000,08:41:20.949000,1,,1,Tuesday
login_verify_otp_failed,application,2026-02-18,09:26:09.924000,09:26:09.924000,1,,1,Wednesday
login_verify_otp_success,application,2025-12-06,10:19:21.400000,10:19:21.400000,1,,1,Saturday
login_verify_otp_success,application,2025-12-13,14:37:40.472000,14:37:40.472000,1,,1,Saturday
login_verify_otp_success,application,2025-12-17,12:55:26.782000,15:15:07.593000,3,,3,Wednesday
login_verify_otp_success,application,2025-12-18,14:53:04.753000,22:51:17.914000,6,,6,Thursday
login_verify_otp_success,application,2025-12-19,11:36:14.621000,13:46:14.466000,3,,3,Friday
login_verify_otp_success,application,2025-12-20,02:44:15.140000,22:52:01.951000,4,,4,Saturday
login_verify_otp_success,application,2025-12-21,12:45:23.072000,19:12:19.678000,2,,2,Sunday
login_verify_otp_success,application,2025-12-22,17:38:31.616000,23:58:12.231000,3,,3,Monday
login_verify_otp_success,application,2025-12-23,11:21:21.521000,17:01:39.189000,3,,3,Tuesday
login_verify_otp_success,application,2025-12-24,07:51:11.520000,22:11:48.838000,6,,6,Wednesday
login_verify_otp_success,application,2025-12-25,09:38:32.200000,16:25:18.316000,7,,7,Thursday
login_verify_otp_success,application,2025-12-26,14:59:43.386000,14:59:43.386000,1,,1,Friday
login_verify_otp_success,application,2025-12-27,02:11:15.198000,14:18:28.539000,2,,2,Saturday
login_verify_otp_success,application,2025-12-28,09:08:00.362000,20:54:11.551000,5,,5,Sunday
login_verify_otp_success,application,2025-12-29,06:58:21.350000,19:57:42.463000,10,,10,Monday
login_verify_otp_success,application,2025-12-30,21:09:08.760000,21:09:08.760000,1,,1,Tuesday
login_verify_otp_success,application,2026-01-02,13:26:21.392000,16:36:18.022000,2,,2,Friday
login_verify_otp_success,application,2026-01-03,11:36:20.573000,11:36:20.573000,1,,1,Saturday
login_verify_otp_success,application,2026-01-04,12:08:29.902000,20:50:53.832000,6,,6,Sunday
login_verify_otp_success,application,2026-01-05,08:34:00.681000,21:26:04.781000,36,,36,Monday
login_verify_otp_success,application,2026-01-07,12:08:21.978000,20:27:00.283000,3,,3,Wednesday
login_verify_otp_success,application,2026-01-08,11:34:32.963000,19:55:03.908000,3,,3,Thursday
login_verify_otp_success,application,2026-01-09,13:01:33.181000,22:29:41.200000,14,,14,Friday
login_verify_otp_success,application,2026-01-10,17:09:34.044000,17:09:34.044000,3,,3,Saturday
login_verify_otp_success,application,2026-01-15,16:33:26.047000,16:33:26.047000,1,,1,Thursday
login_verify_otp_success,application,2026-01-16,08:38:48.629000,13:14:48.808000,3,,3,Friday
login_verify_otp_success,application,2026-01-17,09:46:24.689000,16:20:14.005000,5,,5,Saturday
login_verify_otp_success,application,2026-01-23,12:47:59.154000,16:12:29.025000,2,,2,Friday
login_verify_otp_success,application,2026-01-24,21:51:43.098000,21:51:43.098000,1,,1,Saturday
login_verify_otp_success,application,2026-01-26,08:41:10.852000,08:41:10.852000,1,,1,Monday
login_verify_otp_success,application,2026-01-27,10:25:26.658000,15:38:22.794000,3,,3,Tuesday
login_verify_otp_success,application,2026-01-28,12:18:08.034000,20:16:19.952000,3,,3,Wednesday
login_verify_otp_success,application,2026-01-29,12:37:39.330000,20:51:59.739000,4,,4,Thursday
login_verify_otp_success,application,2026-01-30,19:23:43.134000,20:05:42.531000,2,,2,Friday
login_verify_otp_success,application,2026-01-31,14:16:31.187000,18:42:15.269000,2,,2,Saturday
login_verify_otp_success,application,2026-02-02,09:50:47.268000,23:57:51.641000,2,,2,Monday
login_verify_otp_success,application,2026-02-03,12:43:26.247000,12:43:26.247000,1,,1,Tuesday
login_verify_otp_success,application,2026-02-04,11:24:51.745000,12:30:29.264000,2,,2,Wednesday
login_verify_otp_success,application,2026-02-05,20:10:12.552000,20:10:12.552000,1,,1,Thursday
login_verify_otp_success,application,2026-02-06,12:30:50.508000,18:34:38.132000,4,,4,Friday
login_verify_otp_success,application,2026-02-07,23:23:09.231000,23:23:09.231000,1,,1,Saturday
login_verify_otp_success,application,2026-02-08,15:32:45.875000,15:32:45.875000,1,,1,Sunday
login_verify_otp_success,application,2026-02-09,13:14:00.841000,17:40:21.674000,2,,2,Monday
login_verify_otp_success,application,2026-02-10,11:01:07.968000,21:55:42.420000,10,,10,Tuesday
login_verify_otp_success,application,2026-02-11,09:19:31.113000,20:16:37.074000,9,,9,Wednesday
login_verify_otp_success,application,2026-02-12,12:48:58.256000,17:04:33.888000,2,,2,Thursday
login_verify_otp_success,application,2026-02-13,12:11:45.661000,16:14:25.203000,4,,4,Friday
login_verify_otp_success,application,2026-02-14,15:14:01.547000,17:38:03.909000,6,,6,Saturday
login_verify_otp_success,application,2026-02-15,11:02:17.941000,11:02:17.941000,3,,3,Sunday
login_verify_otp_success,application,2026-02-16,14:06:45.218000,19:28:14.376000,6,,6,Monday
login_verify_otp_success,application,2026-02-17,08:41:29.038000,17:14:37.204000,4,,4,Tuesday
login_verify_otp_success,application,2026-02-18,09:26:24.965000,17:24:52.135000,5,,5,Wednesday
login_verify_otp_success,application,2026-02-19,16:02:20.450000,17:23:18.375000,2,,2,Thursday
logout,application,2026-01-30,23:27:03.993000,23:27:03.993000,2,,2,Friday
online_booking_detail_clicked_back_btn,application,2026-02-09,07:43:11.801000,07:43:30.909000,2,,2,Monday
pageview_bus_list,application,2025-12-15,09:42:27.784000,09:42:27.798000,3,,3,Monday
passenger_card_clicked,application,2026-01-25,19:46:19.428000,19:57:27.046000,7,,7,Sunday
select_seat,application,2025-12-02,13:10:37.075000,13:16:30.800000,10,,10,Tuesday
select_seat,application,2025-12-20,14:14:31.815000,15:52:04.109000,22,,22,Saturday
select_seat,application,2025-12-22,22:33:27.464000,22:33:27.464000,1,,1,Monday
select_seat,application,2026-01-25,19:45:06.138000,19:56:58.090000,15,,15,Sunday
select_seat,application,2026-02-12,18:20:59.304000,18:20:59.304000,1,,1,Thursday
smart_ticketing_settings_failed,application,2025-12-07,08:07:13.201000,08:07:13.201000,1,,1,Sunday
smart_ticketing_settings_failed,application,2025-12-12,10:50:34.881000,10:50:34.881000,1,,1,Friday
smart_ticketing_settings_failed,application,2025-12-24,16:50:03.448000,16:50:03.448000,1,,1,Wednesday
smart_ticketing_settings_failed,application,2025-12-26,08:00:38.138000,08:00:38.138000,1,,1,Friday
smart_ticketing_settings_failed,application,2026-01-27,15:15:06.943000,17:24:53.498000,5,,5,Tuesday
smart_ticketing_settings_failed,application,2026-01-31,12:52:11.299000,12:52:11.299000,1,,1,Saturday
smart_ticketing_settings_failed,application,2026-02-10,16:19:57.300000,16:19:57.300000,1,,1,Tuesday
smart_ticketing_settings_failed,application,2026-02-19,11:22:43.843000,11:22:43.843000,1,,1,Thursday
view_pricing_page_prices_download_success,application,2025-12-13,14:41:29.940000,14:41:29.940000,1,,1,Saturday
view_pricing_page_prices_upload_success,application,2025-12-08,15:33:26.478000,15:34:27.826000,2,,2,Monday
view_pricing_page_prices_upload_success,application,2025-12-09,12:15:21.409000,12:19:56.547000,2,,2,Tuesday
view_pricing_page_prices_upload_success,application,2025-12-13,08:05:57.041000,14:38:52.008000,2,,2,Saturday
view_pricing_page_prices_upload_success,application,2025-12-18,08:04:40.860000,08:04:40.860000,1,,1,Thursday
view_pricing_page_prices_upload_success,application,2025-12-23,14:17:35.505000,15:25:01.398000,9,,9,Tuesday
view_pricing_page_prices_upload_success,application,2025-12-24,15:26:43.966000,15:28:10.350000,2,,2,Wednesday
view_pricing_page_prices_upload_success,application,2025-12-25,16:29:55.900000,21:49:51.291000,12,,12,Thursday
view_pricing_page_prices_upload_success,application,2025-12-26,10:00:30.353000,10:00:30.353000,3,,3,Friday
view_pricing_page_prices_upload_success,application,2025-12-27,13:49:50.613000,13:54:26.052000,2,,2,Saturday
view_pricing_page_prices_upload_success,application,2025-12-28,11:15:53.733000,11:15:53.733000,1,,1,Sunday
view_pricing_page_prices_upload_success,application,2025-12-29,19:37:07.248000,19:37:07.248000,1,,1,Monday
view_pricing_page_prices_upload_success,application,2025-12-31,10:33:29.763000,16:33:33.888000,6,,6,Wednesday
view_pricing_page_prices_upload_success,application,2026-01-01,07:40:21.364000,14:45:45.407000,19,,19,Thursday
view_pricing_page_prices_upload_success,application,2026-01-16,09:21:45.414000,17:01:30.035000,9,,9,Friday
view_pricing_page_prices_upload_success,application,2026-02-05,12:20:15.978000,12:20:15.978000,1,,1,Thursday
view_pricing_page_prices_upload_success,application,2026-02-06,12:44:18.059000,12:44:18.059000,1,,1,Friday
view_pricing_page_prices_upload_success,application,2026-02-07,17:37:22.463000,17:37:22.463000,1,,1,Saturday
view_pricing_page_prices_upload_success,application,2026-02-08,13:58:14.515000,13:58:14.515000,1,,1,Sunday
view_pricing_page_prices_upload_success,application,2026-02-11,10:59:37.769000,11:26:56.956000,5,,5,Wednesday
view_pricing_page_prices_upload_success,application,2026-02-16,17:25:09.091000,17:25:09.091000,1,,1,Monday
viewed_camera_list_page,application,2026-01-27,10:32:02.471000,10:32:02.471000,1,,1,Tuesday
viewed_card_wallet_history_page,application,2025-12-10,13:05:15.992000,13:05:15.992000,1,,1,Wednesday
viewed_card_wallet_history_page,application,2025-12-19,08:14:59.265000,08:14:59.265000,1,,1,Friday
viewed_card_wallet_history_page,application,2025-12-22,10:53:54.718000,10:53:54.718000,1,,1,Monday
viewed_card_wallet_history_page,application,2025-12-24,08:44:29.889000,08:44:29.889000,1,,1,Wednesday
viewed_card_wallet_history_page,application,2025-12-26,22:19:57.210000,22:19:57.210000,1,,1,Friday
viewed_card_wallet_history_page,application,2026-01-14,16:06:20.403000,16:06:20.403000,1,,1,Wednesday
viewed_card_wallet_history_page,application,2026-01-28,20:09:04.266000,20:09:04.266000,1,,1,Wednesday
viewed_card_wallet_history_page,application,2026-01-30,07:06:45.339000,09:22:28.231000,2,,2,Friday
viewed_card_wallet_history_page,application,2026-02-02,13:28:47.991000,13:28:47.991000,1,,1,Monday
viewed_card_wallet_history_page,application,2026-02-03,20:34:19.094000,20:34:19.094000,1,,1,Tuesday
viewed_card_wallet_history_page,application,2026-02-09,17:40:57.619000,17:40:57.619000,1,,1,Monday
viewed_card_wallet_history_page,application,2026-02-11,21:22:57.014000,21:22:57.014000,1,,1,Wednesday
viewed_cash_settlement_bus_tickets_detail_page,application,2025-12-06,10:32:39.602000,12:15:51.446000,8,,8,Saturday
viewed_cash_settlement_bus_tickets_detail_page,application,2025-12-07,12:49:44.151000,12:52:48.822000,4,,4,Sunday
viewed_cash_settlement_bus_tickets_detail_page,application,2025-12-08,08:15:12.125000,09:19:56.893000,4,,4,Monday
viewed_cash_settlement_bus_tickets_detail_page,application,2025-12-11,10:42:54.057000,10:42:54.057000,1,,1,Thursday
viewed_cash_settlement_bus_tickets_detail_page,application,2025-12-12,09:41:20.723000,09:41:20.723000,1,,1,Friday
viewed_cash_settlement_bus_tickets_detail_page,application,2025-12-17,10:28:21.839000,10:28:21.839000,1,,1,Wednesday
viewed_cash_settlement_bus_tickets_detail_page,application,2025-12-18,09:39:48.734000,09:39:48.734000,1,,1,Thursday
viewed_cash_settlement_bus_tickets_detail_page,application,2025-12-19,08:47:48.881000,08:48:23.527000,2,,2,Friday
viewed_cash_settlement_bus_tickets_detail_page,application,2025-12-25,16:01:06.148000,16:02:22.504000,2,,2,Thursday
viewed_cash_settlement_bus_tickets_detail_page,application,2025-12-27,14:07:42.601000,19:22:05.431000,2,,2,Saturday
viewed_cash_settlement_bus_tickets_detail_page,application,2025-12-28,10:26:25.716000,10:26:25.716000,1,,1,Sunday
viewed_cash_settlement_bus_tickets_detail_page,application,2026-01-04,09:10:08.468000,21:20:41.297000,29,,29,Sunday
viewed_cash_settlement_bus_tickets_detail_page,application,2026-01-05,14:44:01.393000,15:32:50.401000,35,,35,Monday
viewed_cash_settlement_bus_tickets_detail_page,application,2026-01-06,09:05:44.149000,09:05:44.149000,1,,1,Tuesday
viewed_cash_settlement_bus_tickets_detail_page,application,2026-01-07,21:28:44.618000,21:28:46.632000,2,,2,Wednesday
viewed_cash_settlement_bus_tickets_detail_page,application,2026-01-09,18:55:31.936000,19:00:17.138000,15,,15,Friday
viewed_cash_settlement_bus_tickets_detail_page,application,2026-01-11,07:08:14.708000,07:09:31.773000,4,,4,Sunday
viewed_cash_settlement_bus_tickets_detail_page,application,2026-01-12,15:58:02.147000,15:58:12.366000,5,,5,Monday
viewed_cash_settlement_bus_tickets_detail_page,application,2026-01-13,19:32:46.157000,19:32:54.897000,2,,2,Tuesday
viewed_cash_settlement_bus_tickets_detail_page,application,2026-01-15,07:11:20.794000,07:13:01.883000,8,,8,Thursday
viewed_cash_settlement_bus_tickets_detail_page,application,2026-01-16,09:07:09.991000,14:22:55.989000,6,,6,Friday
viewed_cash_settlement_bus_tickets_detail_page,application,2026-01-17,07:26:39.929000,07:27:14.609000,3,,3,Saturday
viewed_cash_settlement_bus_tickets_detail_page,application,2026-01-23,12:30:42.035000,12:30:47.562000,2,,2,Friday
viewed_cash_settlement_bus_tickets_detail_page,application,2026-01-24,13:15:13.407000,13:17:07.161000,2,,2,Saturday
viewed_cash_settlement_bus_tickets_detail_page,application,2026-01-27,07:48:02.425000,07:53:13.787000,18,,18,Tuesday
viewed_cash_settlement_bus_tickets_detail_page,application,2026-01-29,09:08:58.228000,09:09:50.052000,3,,3,Thursday
viewed_cash_settlement_bus_tickets_detail_page,application,2026-01-30,19:23:40.505000,19:23:40.505000,1,,1,Friday
viewed_cash_settlement_bus_tickets_detail_page,application,2026-02-03,09:03:09.192000,09:03:21.628000,2,,2,Tuesday
viewed_cash_settlement_bus_tickets_detail_page,application,2026-02-04,06:34:24.547000,06:37:19.818000,11,,11,Wednesday
viewed_cash_settlement_bus_tickets_detail_page,application,2026-02-06,20:11:07.895000,20:11:40.644000,7,,7,Friday
viewed_cash_settlement_bus_tickets_detail_page,application,2026-02-07,07:08:57.215000,19:16:14.780000,2,,2,Saturday
viewed_cash_settlement_bus_tickets_detail_page,application,2026-02-09,08:02:24.533000,08:02:24.533000,1,,1,Monday
viewed_cash_settlement_bus_tickets_detail_page,application,2026-02-10,15:32:59.774000,15:32:59.774000,1,,1,Tuesday
viewed_cash_settlement_bus_tickets_detail_page,application,2026-02-14,13:29:22.610000,13:29:22.610000,1,,1,Saturday
viewed_cash_settlement_bus_tickets_detail_page,application,2026-02-16,15:18:48.188000,15:18:48.188000,1,,1,Monday
viewed_cash_settlement_screen,application,2025-11-30,11:52:08.115000,11:52:08.115000,1,,1,Sunday
viewed_cash_settlement_screen,application,2025-12-01,17:27:54.632000,17:27:54.632000,1,,1,Monday
viewed_cash_settlement_screen,application,2025-12-03,06:22:44.078000,06:22:44.078000,1,,1,Wednesday
viewed_cash_settlement_screen,application,2025-12-06,10:32:11.245000,14:02:49.976000,6,,6,Saturday
viewed_cash_settlement_screen,application,2025-12-07,04:21:08.035000,12:56:23.659000,3,,3,Sunday
viewed_cash_settlement_screen,application,2025-12-08,08:14:55.996000,09:19:49.383000,3,,3,Monday
viewed_cash_settlement_screen,application,2025-12-11,10:42:44.467000,10:42:44.467000,1,,1,Thursday
viewed_cash_settlement_screen,application,2025-12-12,09:41:07.087000,09:41:07.087000,1,,1,Friday
viewed_cash_settlement_screen,application,2025-12-13,08:16:04.403000,08:16:04.403000,1,,1,Saturday
viewed_cash_settlement_screen,application,2025-12-16,07:51:48.613000,07:51:48.613000,1,,1,Tuesday
viewed_cash_settlement_screen,application,2025-12-17,10:28:01.369000,10:28:01.369000,1,,1,Wednesday
viewed_cash_settlement_screen,application,2025-12-18,09:39:39.238000,16:36:15.315000,2,,2,Thursday
viewed_cash_settlement_screen,application,2025-12-19,07:05:45.837000,08:47:12.199000,2,,2,Friday
viewed_cash_settlement_screen,application,2025-12-20,01:23:45.670000,01:32:21.722000,3,,3,Saturday
viewed_cash_settlement_screen,application,2025-12-21,01:16:21.102000,22:22:35.511000,2,,2,Sunday
viewed_cash_settlement_screen,application,2025-12-23,09:54:30.182000,18:42:18.739000,14,,14,Tuesday
viewed_cash_settlement_screen,application,2025-12-24,07:27:39.769000,18:41:51.031000,5,,5,Wednesday
viewed_cash_settlement_screen,application,2025-12-25,09:20:41.695000,16:00:32.747000,4,,4,Thursday
viewed_cash_settlement_screen,application,2025-12-26,09:17:36.417000,14:33:48.584000,4,,4,Friday
viewed_cash_settlement_screen,application,2025-12-27,14:06:05.052000,19:21:50.598000,3,,3,Saturday
viewed_cash_settlement_screen,application,2025-12-28,07:14:55.182000,10:25:46.019000,4,,4,Sunday
viewed_cash_settlement_screen,application,2025-12-29,13:53:34.134000,13:53:34.134000,1,,1,Monday
viewed_cash_settlement_screen,application,2025-12-30,10:37:40.408000,10:37:40.408000,1,,1,Tuesday
viewed_cash_settlement_screen,application,2026-01-03,11:18:15.036000,15:13:30.764000,4,,4,Saturday
viewed_cash_settlement_screen,application,2026-01-04,09:09:44.720000,21:20:03.243000,19,,19,Sunday
viewed_cash_settlement_screen,application,2026-01-05,13:02:44.156000,15:44:46.423000,20,,20,Monday
viewed_cash_settlement_screen,application,2026-01-06,09:05:16.200000,09:05:16.200000,1,,1,Tuesday
viewed_cash_settlement_screen,application,2026-01-07,11:06:54.765000,21:30:25.090000,3,,3,Wednesday
viewed_cash_settlement_screen,application,2026-01-09,18:55:14.467000,19:01:55.534000,2,,2,Friday
viewed_cash_settlement_screen,application,2026-01-11,07:07:46.452000,07:10:03.642000,2,,2,Sunday
viewed_cash_settlement_screen,application,2026-01-12,07:06:32.313000,22:20:13.367000,3,,3,Monday
viewed_cash_settlement_screen,application,2026-01-13,08:36:14.607000,19:32:40.697000,5,,5,Tuesday
viewed_cash_settlement_screen,application,2026-01-14,06:20:34.660000,06:20:34.660000,1,,1,Wednesday
viewed_cash_settlement_screen,application,2026-01-15,07:11:01.792000,09:26:32.424000,3,,3,Thursday
viewed_cash_settlement_screen,application,2026-01-16,08:47:45.891000,14:22:33.063000,4,,4,Friday
viewed_cash_settlement_screen,application,2026-01-17,07:26:22.042000,07:26:22.042000,1,,1,Saturday
viewed_cash_settlement_screen,application,2026-01-23,12:30:15.409000,20:17:14.389000,3,,3,Friday
viewed_cash_settlement_screen,application,2026-01-24,13:15:05.788000,19:29:21.256000,3,,3,Saturday
viewed_cash_settlement_screen,application,2026-01-25,15:24:26.619000,15:24:26.619000,1,,1,Sunday
viewed_cash_settlement_screen,application,2026-01-26,11:14:52.512000,22:12:24.747000,5,,5,Monday
viewed_cash_settlement_screen,application,2026-01-27,07:47:34.310000,17:18:55.439000,6,,6,Tuesday
viewed_cash_settlement_screen,application,2026-01-29,08:19:38.876000,14:25:51.229000,5,,5,Thursday
viewed_cash_settlement_screen,application,2026-01-30,13:13:28.819000,21:09:55.462000,5,,5,Friday
viewed_cash_settlement_screen,application,2026-01-31,10:23:52.006000,13:34:37.479000,3,,3,Saturday
viewed_cash_settlement_screen,application,2026-02-02,20:32:14.898000,20:32:14.898000,3,,3,Monday
viewed_cash_settlement_screen,application,2026-02-03,09:00:53.732000,20:45:28.352000,3,,3,Tuesday
viewed_cash_settlement_screen,application,2026-02-04,06:34:01.484000,13:51:05.671000,6,,6,Wednesday
viewed_cash_settlement_screen,application,2026-02-05,08:08:40.808000,08:08:40.808000,1,,1,Thursday
viewed_cash_settlement_screen,application,2026-02-06,18:11:26.729000,20:13:14.609000,9,,9,Friday
viewed_cash_settlement_screen,application,2026-02-07,07:08:35.812000,19:16:42.779000,5,,5,Saturday
viewed_cash_settlement_screen,application,2026-02-08,08:53:29.600000,08:53:47.719000,2,,2,Sunday
viewed_cash_settlement_screen,application,2026-02-09,06:11:15.277000,21:06:33.191000,4,,4,Monday
viewed_cash_settlement_screen,application,2026-02-10,15:32:33.689000,15:32:33.689000,1,,1,Tuesday
viewed_cash_settlement_screen,application,2026-02-11,06:19:48.765000,18:48:10.042000,6,,6,Wednesday
viewed_cash_settlement_screen,application,2026-02-12,09:36:57.949000,19:28:56.499000,5,,5,Thursday
viewed_cash_settlement_screen,application,2026-02-14,13:15:45.427000,13:15:50.039000,3,,3,Saturday
viewed_cash_settlement_screen,application,2026-02-16,06:17:13.243000,15:18:43.202000,3,,3,Monday
viewed_cash_settlement_screen,application,2026-02-18,21:22:42.549000,21:22:42.549000,1,,1,Wednesday
viewed_dashboard_page,application,2025-11-27,07:43:22.441000,23:08:10.202000,20,,20,Thursday
viewed_dashboard_page,application,2025-11-28,00:03:49.642000,23:28:06.817000,123,,123,Friday
viewed_dashboard_page,application,2025-11-29,00:23:35.267000,23:41:03.812000,172,,172,Saturday
viewed_dashboard_page,application,2025-11-30,00:03:19.774000,23:42:20.443000,159,,159,Sunday
viewed_dashboard_page,application,2025-12-01,00:17:28.717000,23:26:02.475000,161,,161,Monday
viewed_dashboard_page,application,2025-12-02,02:57:18.144000,23:21:21.445000,161,,161,Tuesday
viewed_dashboard_page,application,2025-12-03,00:16:59.496000,23:35:40.954000,206,,206,Wednesday
viewed_dashboard_page,application,2025-12-04,00:02:44.418000,23:25:42.641000,172,,172,Thursday
viewed_dashboard_page,application,2025-12-05,00:26:29.441000,23:46:13.427000,205,,205,Friday
viewed_dashboard_page,application,2025-12-06,02:01:20.849000,23:35:04.353000,181,,181,Saturday
viewed_dashboard_page,application,2025-12-07,00:42:20.970000,23:49:33.518000,166,,166,Sunday
viewed_dashboard_page,application,2025-12-08,00:04:21.682000,23:40:55.969000,195,,195,Monday
viewed_dashboard_page,application,2025-12-09,00:56:33.413000,23:22:03.440000,181,,181,Tuesday
viewed_dashboard_page,application,2025-12-10,00:52:44.098000,23:45:02.354000,178,,178,Wednesday
viewed_dashboard_page,application,2025-12-11,01:58:43.351000,23:15:28.991000,203,,203,Thursday
viewed_dashboard_page,application,2025-12-12,00:13:24.206000,23:55:34.829000,163,,163,Friday
viewed_dashboard_page,application,2025-12-13,03:45:51.650000,23:25:49.408000,187,,187,Saturday
viewed_dashboard_page,application,2025-12-14,00:22:56.942000,23:10:52.813000,187,,187,Sunday
viewed_dashboard_page,application,2025-12-15,00:50:54.887000,23:42:13.785000,215,,215,Monday
viewed_dashboard_page,application,2025-12-16,01:55:18.856000,23:57:48.424000,226,,226,Tuesday
viewed_dashboard_page,application,2025-12-17,00:39:03.237000,23:46:06.882000,259,,259,Wednesday
viewed_dashboard_page,application,2025-12-18,00:03:08.927000,23:59:28.933000,424,,424,Thursday
viewed_dashboard_page,application,2025-12-19,02:04:27.643000,23:53:07.381000,427,,427,Friday
viewed_dashboard_page,application,2025-12-20,00:47:31.111000,23:20:51.682000,440,,440,Saturday
viewed_dashboard_page,application,2025-12-21,00:25:36.976000,23:15:02.379000,376,,376,Sunday
viewed_dashboard_page,application,2025-12-22,00:15:32.758000,23:58:12.581000,458,,458,Monday
viewed_dashboard_page,application,2025-12-23,00:00:20.990000,23:56:06.737000,461,,461,Tuesday
viewed_dashboard_page,application,2025-12-24,02:30:56.593000,23:22:06.337000,372,,372,Wednesday
viewed_dashboard_page,application,2025-12-25,00:24:00.380000,23:42:26.464000,511,,511,Thursday
viewed_dashboard_page,application,2025-12-26,00:06:07.942000,23:45:07.879000,551,,551,Friday
viewed_dashboard_page,application,2025-12-27,00:23:25.308000,22:29:07.681000,275,,275,Saturday
viewed_dashboard_page,application,2025-12-28,06:42:05.984000,23:35:33.206000,192,,192,Sunday
viewed_dashboard_page,application,2025-12-29,03:26:35.739000,23:41:29.413000,221,,221,Monday
viewed_dashboard_page,application,2025-12-30,04:34:07.206000,23:54:42.380000,240,,240,Tuesday
viewed_dashboard_page,application,2025-12-31,04:48:45.258000,23:54:45.943000,276,,276,Wednesday
viewed_dashboard_page,application,2026-01-01,00:08:45.751000,23:19:23.136000,226,,226,Thursday
viewed_dashboard_page,application,2026-01-02,04:31:55.817000,23:42:21.621000,227,,227,Friday
viewed_dashboard_page,application,2026-01-03,00:38:34.822000,22:59:53.542000,212,,212,Saturday
viewed_dashboard_page,application,2026-01-04,04:28:38.134000,23:53:17.790000,293,,293,Sunday
viewed_dashboard_page,application,2026-01-05,00:00:30.187000,23:15:48.252000,505,,505,Monday
viewed_dashboard_page,application,2026-01-06,07:57:51.971000,23:21:32.374000,209,,209,Tuesday
viewed_dashboard_page,application,2026-01-07,03:59:20.088000,23:00:47.069000,246,,246,Wednesday
viewed_dashboard_page,application,2026-01-08,00:17:51.466000,23:55:02.113000,246,,246,Thursday
viewed_dashboard_page,application,2026-01-09,05:02:08.787000,23:57:39.636000,360,,360,Friday
viewed_dashboard_page,application,2026-01-10,00:00:12.710000,23:42:03.096000,246,,246,Saturday
viewed_dashboard_page,application,2026-01-11,00:06:30.286000,22:57:06.355000,196,,196,Sunday
viewed_dashboard_page,application,2026-01-12,02:54:44.267000,22:18:59.684000,227,,227,Monday
viewed_dashboard_page,application,2026-01-13,04:54:56.104000,22:35:56.147000,229,,229,Tuesday
viewed_dashboard_page,application,2026-01-14,00:24:21.158000,23:24:43.865000,264,,264,Wednesday
viewed_dashboard_page,application,2026-01-15,04:21:37.738000,23:37:19.767000,226,,226,Thursday
viewed_dashboard_page,application,2026-01-16,02:03:12.020000,23:51:08.115000,285,,285,Friday
viewed_dashboard_page,application,2026-01-17,00:46:42.735000,23:14:11.633000,253,,253,Saturday
viewed_dashboard_page,application,2026-01-18,00:14:55.465000,23:05:45.089000,35,,35,Sunday
viewed_dashboard_page,application,2026-01-23,04:04:27.422000,22:39:31.357000,229,,229,Friday
viewed_dashboard_page,application,2026-01-24,00:37:18.086000,23:58:17.480000,240,,240,Saturday
viewed_dashboard_page,application,2026-01-25,00:00:43.188000,23:42:51.214000,238,,238,Sunday
viewed_dashboard_page,application,2026-01-26,00:40:36.779000,22:28:45.465000,214,,214,Monday
viewed_dashboard_page,application,2026-01-27,00:29:47.573000,23:28:41.959000,272,,272,Tuesday
viewed_dashboard_page,application,2026-01-28,00:08:54.727000,23:50:42.383000,280,,280,Wednesday
viewed_dashboard_page,application,2026-01-29,00:11:06.670000,23:58:50.475000,325,,325,Thursday
viewed_dashboard_page,application,2026-01-30,00:07:55.636000,23:44:42.388000,268,,268,Friday
viewed_dashboard_page,application,2026-01-31,01:33:16.903000,23:24:23.345000,274,,274,Saturday
viewed_dashboard_page,application,2026-02-01,00:33:32.616000,23:46:12.299000,276,,276,Sunday
viewed_dashboard_page,application,2026-02-02,00:29:51.941000,23:57:52.074000,259,,259,Monday
viewed_dashboard_page,application,2026-02-03,00:41:54.577000,23:49:19.575000,341,,341,Tuesday
viewed_dashboard_page,application,2026-02-04,00:17:07.225000,23:41:01.934000,442,,442,Wednesday
viewed_dashboard_page,application,2026-02-05,00:17:47.664000,22:51:27.995000,363,,363,Thursday
viewed_dashboard_page,application,2026-02-06,00:08:08.342000,23:53:27.266000,382,,382,Friday
viewed_dashboard_page,application,2026-02-07,00:11:00.729000,23:40:19.144000,393,,393,Saturday
viewed_dashboard_page,application,2026-02-08,00:48:59.758000,23:55:33.165000,338,,338,Sunday
viewed_dashboard_page,application,2026-02-09,00:04:10.571000,23:51:36.888000,395,,395,Monday
viewed_dashboard_page,application,2026-02-10,00:29:50.609000,23:38:41.736000,373,,373,Tuesday
viewed_dashboard_page,application,2026-02-11,00:03:50.963000,23:53:29.274000,361,,361,Wednesday
viewed_dashboard_page,application,2026-02-12,00:05:54.949000,23:49:14.627000,389,,389,Thursday
viewed_dashboard_page,application,2026-02-13,00:19:12.942000,23:56:37.320000,392,,392,Friday
viewed_dashboard_page,application,2026-02-14,01:34:49.422000,23:52:28.772000,399,,399,Saturday
viewed_dashboard_page,application,2026-02-15,00:30:06.172000,23:52:35.022000,374,,374,Sunday
viewed_dashboard_page,application,2026-02-16,00:00:33.650000,23:52:45.652000,399,,399,Monday
viewed_dashboard_page,application,2026-02-17,00:32:52.544000,23:59:39.390000,456,,456,Tuesday
viewed_dashboard_page,application,2026-02-18,00:44:48.882000,23:58:32.198000,486,,486,Wednesday
viewed_dashboard_page,application,2026-02-19,00:12:21.383000,23:57:41.228000,482,,482,Thursday
viewed_hisab_bus_detail,application,2025-11-27,07:27:57.030000,18:04:14.697000,41,,41,Thursday
viewed_hisab_bus_detail,application,2025-11-28,00:04:35.976000,23:46:47.984000,574,,574,Friday
viewed_hisab_bus_detail,application,2025-11-29,00:06:43.438000,23:58:15.907000,457,,457,Saturday
viewed_hisab_bus_detail,application,2025-11-30,00:43:36.899000,22:48:27.732000,390,,390,Sunday
viewed_hisab_bus_detail,application,2025-12-01,00:29:02.269000,23:12:40.531000,442,,442,Monday
viewed_hisab_bus_detail,application,2025-12-02,06:30:46.790000,23:52:57.560000,458,,458,Tuesday
viewed_hisab_bus_detail,application,2025-12-03,00:19:36.312000,23:40:10.090000,423,,423,Wednesday
viewed_hisab_bus_detail,application,2025-12-04,05:33:08.942000,23:35:49.839000,549,,549,Thursday
viewed_hisab_bus_detail,application,2025-12-05,00:27:16.799000,23:36:02.399000,478,,478,Friday
viewed_hisab_bus_detail,application,2025-12-06,02:25:56.885000,23:53:21.237000,548,,548,Saturday
viewed_hisab_bus_detail,application,2025-12-07,00:01:55.915000,23:59:20.092000,403,,403,Sunday
viewed_hisab_bus_detail,application,2025-12-08,00:05:20.621000,22:56:23.929000,498,,498,Monday
viewed_hisab_bus_detail,application,2025-12-09,00:58:16.632000,22:43:32.775000,534,,534,Tuesday
viewed_hisab_bus_detail,application,2025-12-10,01:09:08.955000,22:53:02.050000,583,,583,Wednesday
viewed_hisab_bus_detail,application,2025-12-11,01:17:53.925000,23:17:23.601000,445,,445,Thursday
viewed_hisab_bus_detail,application,2025-12-12,00:31:50.839000,22:58:14.406000,547,,547,Friday
viewed_hisab_bus_detail,application,2025-12-13,06:34:45.045000,23:54:28.771000,480,,480,Saturday
viewed_hisab_bus_detail,application,2025-12-14,00:09:58.431000,23:48:06.427000,596,,596,Sunday
viewed_hisab_bus_detail,application,2025-12-15,03:09:23.053000,23:34:42.655000,583,,583,Monday
viewed_hisab_bus_detail,application,2025-12-16,04:19:00.254000,23:48:36.187000,560,,560,Tuesday
viewed_hisab_bus_detail,application,2025-12-17,00:27:35.195000,23:27:26.437000,467,,467,Wednesday
viewed_hisab_bus_detail,application,2025-12-18,00:03:42.300000,23:59:56.857000,763,,763,Thursday
viewed_hisab_bus_detail,application,2025-12-19,00:53:40.878000,23:36:42.505000,1089,,1089,Friday
viewed_hisab_bus_detail,application,2025-12-20,02:30:22.028000,23:49:16.689000,924,,924,Saturday
viewed_hisab_bus_detail,application,2025-12-21,04:55:33.529000,23:29:54.053000,926,,926,Sunday
viewed_hisab_bus_detail,application,2025-12-22,04:35:40.539000,23:38:18.980000,1389,,1389,Monday
viewed_hisab_bus_detail,application,2025-12-23,00:57:58.531000,23:56:58.701000,1166,,1166,Tuesday
viewed_hisab_bus_detail,application,2025-12-24,00:06:27.121000,23:59:53.104000,892,,892,Wednesday
viewed_hisab_bus_detail,application,2025-12-25,00:08:32.143000,22:40:47.390000,989,,989,Thursday
viewed_hisab_bus_detail,application,2025-12-26,00:31:59.719000,23:11:00.039000,1153,,1153,Friday
viewed_hisab_bus_detail,application,2025-12-27,05:36:01.552000,23:14:32.114000,648,,648,Saturday
viewed_hisab_bus_detail,application,2025-12-28,05:59:40.890000,22:04:22.616000,551,,551,Sunday
viewed_hisab_bus_detail,application,2025-12-29,00:38:44.169000,23:41:42.397000,541,,541,Monday
viewed_hisab_bus_detail,application,2025-12-30,05:22:58.422000,23:49:04.445000,652,,652,Tuesday
viewed_hisab_bus_detail,application,2025-12-31,00:24:14.397000,23:12:14.404000,803,,803,Wednesday
viewed_hisab_bus_detail,application,2026-01-01,00:12:48.682000,22:25:37.231000,728,,728,Thursday
viewed_hisab_bus_detail,application,2026-01-02,00:00:32.529000,23:23:18.347000,563,,563,Friday
viewed_hisab_bus_detail,application,2026-01-03,00:20:34.127000,22:41:20.052000,718,,718,Saturday
viewed_hisab_bus_detail,application,2026-01-04,06:29:08.729000,22:44:36.543000,996,,996,Sunday
viewed_hisab_bus_detail,application,2026-01-05,00:00:40.499000,22:00:31.552000,1301,,1301,Monday
viewed_hisab_bus_detail,application,2026-01-06,07:45:20.304000,23:46:19.380000,472,,472,Tuesday
viewed_hisab_bus_detail,application,2026-01-07,00:23:41.553000,23:00:54.631000,563,,563,Wednesday
viewed_hisab_bus_detail,application,2026-01-08,06:39:49.120000,21:52:32.943000,584,,584,Thursday
viewed_hisab_bus_detail,application,2026-01-09,05:26:34.807000,23:58:46.174000,446,,446,Friday
viewed_hisab_bus_detail,application,2026-01-10,06:38:10.298000,23:21:19.979000,582,,582,Saturday
viewed_hisab_bus_detail,application,2026-01-11,00:57:59.827000,22:57:13.712000,475,,475,Sunday
viewed_hisab_bus_detail,application,2026-01-12,01:24:21.509000,23:53:49.774000,670,,670,Monday
viewed_hisab_bus_detail,application,2026-01-13,07:18:38.510000,22:08:25.870000,610,,610,Tuesday
viewed_hisab_bus_detail,application,2026-01-14,00:13:06.232000,22:50:59.439000,656,,656,Wednesday
viewed_hisab_bus_detail,application,2026-01-15,06:21:06.628000,23:46:21.611000,679,,679,Thursday
viewed_hisab_bus_detail,application,2026-01-16,00:06:05.921000,23:49:33.348000,526,,526,Friday
viewed_hisab_bus_detail,application,2026-01-17,00:02:02.837000,21:57:17.808000,628,,628,Saturday
viewed_hisab_bus_detail,application,2026-01-18,06:10:00.715000,23:00:15.250000,134,,134,Sunday
viewed_hisab_bus_detail,application,2026-01-23,00:11:20.489000,22:22:07.710000,446,,446,Friday
viewed_hisab_bus_detail,application,2026-01-24,07:05:58.238000,23:41:54.393000,460,,460,Saturday
viewed_hisab_bus_detail,application,2026-01-25,01:04:27.939000,23:22:04.839000,522,,522,Sunday
viewed_hisab_bus_detail,application,2026-01-26,06:16:58.626000,21:36:36.768000,713,,713,Monday
viewed_hisab_bus_detail,application,2026-01-27,06:13:59.237000,23:29:25.841000,881,,881,Tuesday
viewed_hisab_bus_detail,application,2026-01-28,07:02:40.691000,23:04:01.374000,500,,500,Wednesday
viewed_hisab_bus_detail,application,2026-01-29,05:44:01.540000,23:07:47.647000,718,,718,Thursday
viewed_hisab_bus_detail,application,2026-01-30,07:03:05.922000,23:03:32.553000,415,,415,Friday
viewed_hisab_bus_detail,application,2026-01-31,00:32:34.292000,22:13:56.542000,463,,463,Saturday
viewed_hisab_bus_detail,application,2026-02-01,06:28:30.197000,22:56:55.930000,597,,597,Sunday
viewed_hisab_bus_detail,application,2026-02-02,06:48:49.642000,22:27:20.524000,982,,982,Monday
viewed_hisab_bus_detail,application,2026-02-03,06:25:45.784000,23:04:23.695000,898,,898,Tuesday
viewed_hisab_bus_detail,application,2026-02-04,00:18:07.828000,23:50:17.361000,688,,688,Wednesday
viewed_hisab_bus_detail,application,2026-02-05,00:05:31.579000,23:13:39.857000,590,,590,Thursday
viewed_hisab_bus_detail,application,2026-02-06,00:38:41.871000,23:32:20.215000,801,,801,Friday
viewed_hisab_bus_detail,application,2026-02-07,03:34:55.459000,23:32:30.699000,802,,802,Saturday
viewed_hisab_bus_detail,application,2026-02-08,02:43:55.788000,23:08:48.497000,671,,671,Sunday
viewed_hisab_bus_detail,application,2026-02-09,03:01:32.922000,23:12:21.336000,956,,956,Monday
viewed_hisab_bus_detail,application,2026-02-10,06:02:30.354000,23:52:26.039000,751,,751,Tuesday
viewed_hisab_bus_detail,application,2026-02-11,01:15:14.369000,23:51:30.537000,732,,732,Wednesday
viewed_hisab_bus_detail,application,2026-02-12,03:41:40.547000,23:58:59.094000,791,,791,Thursday
viewed_hisab_bus_detail,application,2026-02-13,00:23:56.314000,21:55:20.749000,765,,765,Friday
viewed_hisab_bus_detail,application,2026-02-14,04:02:12.155000,22:22:10.457000,717,,717,Saturday
viewed_hisab_bus_detail,application,2026-02-15,00:04:30.773000,22:39:13.017000,890,,890,Sunday
viewed_hisab_bus_detail,application,2026-02-16,05:41:40.020000,22:36:41.350000,933,,933,Monday
viewed_hisab_bus_detail,application,2026-02-17,06:28:59.543000,23:21:10.497000,792,,792,Tuesday
viewed_hisab_bus_detail,application,2026-02-18,00:45:08.906000,23:12:54.944000,878,,878,Wednesday
viewed_hisab_bus_detail,application,2026-02-19,04:47:58.782000,23:38:15.474000,639,,639,Thursday
viewed_hisab_page,application,2025-11-27,07:27:59.904000,20:15:57.522000,96,,96,Thursday
viewed_hisab_page,application,2025-11-28,00:04:50.394000,23:46:50.001000,2059,,2059,Friday
viewed_hisab_page,application,2025-11-29,00:06:50.290000,23:58:21.634000,4521,,4521,Saturday
viewed_hisab_page,application,2025-11-30,00:11:20.859000,22:48:30.693000,4560,,4560,Sunday
viewed_hisab_page,application,2025-12-01,00:29:44.877000,23:30:42.079000,5162,,5162,Monday
viewed_hisab_page,application,2025-12-02,05:48:14.673000,23:53:00.160000,2629,,2629,Tuesday
viewed_hisab_page,application,2025-12-03,00:19:37.442000,23:40:13.539000,3463,,3463,Wednesday
viewed_hisab_page,application,2025-12-04,00:03:14.755000,23:41:48.885000,3364,,3364,Thursday
viewed_hisab_page,application,2025-12-05,00:27:32.022000,23:36:04.794000,3268,,3268,Friday
viewed_hisab_page,application,2025-12-06,00:38:27.336000,23:53:24.832000,3903,,3903,Saturday
viewed_hisab_page,application,2025-12-07,00:18:38.679000,23:57:24.508000,3414,,3414,Sunday
viewed_hisab_page,application,2025-12-08,00:07:15.418000,22:56:25.444000,3916,,3916,Monday
viewed_hisab_page,application,2025-12-09,00:24:42.214000,23:12:14.554000,2777,,2777,Tuesday
viewed_hisab_page,application,2025-12-10,00:09:47.376000,22:53:06.608000,3427,,3427,Wednesday
viewed_hisab_page,application,2025-12-11,01:17:59.678000,23:55:25.889000,2806,,2806,Thursday
viewed_hisab_page,application,2025-12-12,00:31:57.937000,23:09:53.058000,2335,,2335,Friday
viewed_hisab_page,application,2025-12-13,03:46:00.227000,23:56:09.731000,4006,,4006,Saturday
viewed_hisab_page,application,2025-12-14,00:10:27.258000,23:16:44.214000,3411,,3411,Sunday
viewed_hisab_page,application,2025-12-15,03:08:45.136000,23:34:44.787000,3466,,3466,Monday
viewed_hisab_page,application,2025-12-16,06:25:12.312000,23:58:41.818000,2716,,2716,Tuesday
viewed_hisab_page,application,2025-12-17,00:26:34.385000,23:32:55.813000,2373,,2373,Wednesday
viewed_hisab_page,application,2025-12-18,00:04:35.886000,23:59:58.803000,6194,,6194,Thursday
viewed_hisab_page,application,2025-12-19,05:02:26.212000,23:56:04.483000,5084,,5084,Friday
viewed_hisab_page,application,2025-12-20,00:36:05.093000,23:44:05.105000,4840,,4840,Saturday
viewed_hisab_page,application,2025-12-21,01:16:05.727000,23:29:56.609000,4667,,4667,Sunday
viewed_hisab_page,application,2025-12-22,04:34:52.222000,23:43:06.191000,5581,,5581,Monday
viewed_hisab_page,application,2025-12-23,02:11:01.247000,23:57:06.395000,5456,,5456,Tuesday
viewed_hisab_page,application,2025-12-24,00:06:47.869000,23:59:54.973000,4918,,4918,Wednesday
viewed_hisab_page,application,2025-12-25,00:08:34.121000,23:10:26.988000,4644,,4644,Thursday
viewed_hisab_page,application,2025-12-26,00:00:10.324000,23:45:25.934000,5408,,5408,Friday
viewed_hisab_page,application,2025-12-27,00:27:09.294000,23:14:33.425000,2891,,2891,Saturday
viewed_hisab_page,application,2025-12-28,06:20:10.549000,23:42:16.623000,2210,,2210,Sunday
viewed_hisab_page,application,2025-12-29,00:15:36.337000,23:42:06.976000,2860,,2860,Monday
viewed_hisab_page,application,2025-12-30,05:22:29.837000,23:49:20.303000,2184,,2184,Tuesday
viewed_hisab_page,application,2025-12-31,00:19:53.067000,23:59:12.119000,3917,,3917,Wednesday
viewed_hisab_page,application,2026-01-01,00:09:06.636000,23:59:59.265000,5973,,5973,Thursday
viewed_hisab_page,application,2026-01-02,00:00:42.587000,23:23:37.036000,2527,,2527,Friday
viewed_hisab_page,application,2026-01-03,00:38:43.178000,23:59:54.115000,2309,,2309,Saturday
viewed_hisab_page,application,2026-01-04,00:00:12.343000,23:31:05.456000,2985,,2985,Sunday
viewed_hisab_page,application,2026-01-05,00:00:35.632000,23:55:18.445000,4645,,4645,Monday
viewed_hisab_page,application,2026-01-06,07:08:27.877000,23:05:20.094000,3793,,3793,Tuesday
viewed_hisab_page,application,2026-01-07,00:05:22.492000,23:00:54.884000,2976,,2976,Wednesday
viewed_hisab_page,application,2026-01-08,04:49:50.833000,23:55:03.497000,3999,,3999,Thursday
viewed_hisab_page,application,2026-01-09,06:45:32.074000,23:58:47.253000,1748,,1748,Friday
viewed_hisab_page,application,2026-01-10,00:22:27.159000,23:22:40.741000,2597,,2597,Saturday
viewed_hisab_page,application,2026-01-11,00:57:24.399000,23:04:15.677000,2315,,2315,Sunday
viewed_hisab_page,application,2026-01-12,01:24:21.928000,23:53:50.827000,2700,,2700,Monday
viewed_hisab_page,application,2026-01-13,00:10:21.674000,22:59:31.513000,2929,,2929,Tuesday
viewed_hisab_page,application,2026-01-14,00:16:12.805000,23:24:31.487000,2788,,2788,Wednesday
viewed_hisab_page,application,2026-01-15,05:34:22.185000,23:18:43.308000,2887,,2887,Thursday
viewed_hisab_page,application,2026-01-16,00:05:25.866000,23:49:40.168000,2128,,2128,Friday
viewed_hisab_page,application,2026-01-17,00:00:31.773000,22:58:06.337000,2330,,2330,Saturday
viewed_hisab_page,application,2026-01-18,06:10:42.767000,23:05:57.090000,216,,216,Sunday
viewed_hisab_page,application,2026-01-23,00:11:21.363000,23:12:55.412000,1487,,1487,Friday
viewed_hisab_page,application,2026-01-24,06:34:41.510000,23:42:00.863000,1577,,1577,Saturday
viewed_hisab_page,application,2026-01-25,01:04:29.005000,23:46:55.271000,2120,,2120,Sunday
viewed_hisab_page,application,2026-01-26,06:04:14.830000,22:41:29.244000,1918,,1918,Monday
viewed_hisab_page,application,2026-01-27,00:18:43.399000,23:30:09.027000,2334,,2334,Tuesday
viewed_hisab_page,application,2026-01-28,02:29:02.021000,23:11:18.159000,1672,,1672,Wednesday
viewed_hisab_page,application,2026-01-29,01:22:30.942000,23:07:53.447000,2487,,2487,Thursday
viewed_hisab_page,application,2026-01-30,05:03:49.014000,23:47:01.574000,2681,,2681,Friday
viewed_hisab_page,application,2026-01-31,00:32:39.364000,23:24:34.181000,1987,,1987,Saturday
viewed_hisab_page,application,2026-02-01,05:02:39.680000,23:33:57.077000,2318,,2318,Sunday
viewed_hisab_page,application,2026-02-02,04:45:51.302000,23:04:07.918000,2750,,2750,Monday
viewed_hisab_page,application,2026-02-03,00:02:54.285000,23:49:52.462000,2553,,2553,Tuesday
viewed_hisab_page,application,2026-02-04,00:19:05.354000,23:50:19.936000,2818,,2818,Wednesday
viewed_hisab_page,application,2026-02-05,00:04:24.076000,23:29:15.649000,3019,,3019,Thursday
viewed_hisab_page,application,2026-02-06,00:38:53.067000,23:42:53.123000,2771,,2771,Friday
viewed_hisab_page,application,2026-02-07,00:24:02.832000,23:33:37.259000,2301,,2301,Saturday
viewed_hisab_page,application,2026-02-08,01:17:06.890000,23:56:01.892000,2349,,2349,Sunday
viewed_hisab_page,application,2026-02-09,03:26:56.783000,23:30:47.468000,2448,,2448,Monday
viewed_hisab_page,application,2026-02-10,02:04:56.812000,23:52:26.286000,2088,,2088,Tuesday
viewed_hisab_page,application,2026-02-11,00:29:09.927000,23:51:30.997000,2353,,2353,Wednesday
viewed_hisab_page,application,2026-02-12,00:37:22.378000,23:59:01.749000,3387,,3387,Thursday
viewed_hisab_page,application,2026-02-13,00:23:56.930000,23:58:29.115000,3102,,3102,Friday
viewed_hisab_page,application,2026-02-14,00:16:10.787000,23:52:28.773000,2385,,2385,Saturday
viewed_hisab_page,application,2026-02-15,00:03:44.197000,22:39:16.385000,2677,,2677,Sunday
viewed_hisab_page,application,2026-02-16,05:41:16.895000,22:36:43.345000,3123,,3123,Monday
viewed_hisab_page,application,2026-02-17,00:38:24.229000,22:43:23.897000,2514,,2514,Tuesday
viewed_hisab_page,application,2026-02-18,00:44:58.245000,23:58:37.823000,2506,,2506,Wednesday
viewed_hisab_page,application,2026-02-19,04:30:23.776000,23:57:42.809000,2963,,2963,Thursday
viewed_hisab_trip_detail,application,2025-11-29,16:52:00.746000,16:52:00.746000,1,,1,Saturday
viewed_hisab_trip_detail,application,2025-11-30,08:39:01.089000,08:39:01.089000,1,,1,Sunday
viewed_hisab_trip_detail,application,2025-12-01,09:36:22.609000,16:12:21.649000,3,,3,Monday
viewed_hisab_trip_detail,application,2025-12-02,08:14:27.281000,12:37:31.804000,2,,2,Tuesday
viewed_hisab_trip_detail,application,2025-12-03,17:22:11.956000,18:47:35.408000,2,,2,Wednesday
viewed_hisab_trip_detail,application,2025-12-04,09:45:56.409000,11:11:52.298000,2,,2,Thursday
viewed_hisab_trip_detail,application,2025-12-05,08:53:08.225000,09:56:47.759000,2,,2,Friday
viewed_hisab_trip_detail,application,2025-12-06,08:24:58.323000,19:58:29.542000,11,,11,Saturday
viewed_hisab_trip_detail,application,2025-12-07,04:15:57.618000,18:47:09.662000,14,,14,Sunday
viewed_hisab_trip_detail,application,2025-12-08,08:13:41.718000,15:32:15.348000,3,,3,Monday
viewed_hisab_trip_detail,application,2025-12-09,11:09:32.558000,19:27:52.249000,9,,9,Tuesday
viewed_hisab_trip_detail,application,2025-12-10,09:54:05.651000,20:41:39.268000,13,,13,Wednesday
viewed_hisab_trip_detail,application,2025-12-11,09:26:58.632000,17:44:50.256000,7,,7,Thursday
viewed_hisab_trip_detail,application,2025-12-12,18:49:30.295000,18:49:30.295000,1,,1,Friday
viewed_hisab_trip_detail,application,2025-12-13,08:15:20.754000,15:27:06.753000,9,,9,Saturday
viewed_hisab_trip_detail,application,2025-12-14,10:22:12.933000,22:00:34.645000,5,,5,Sunday
viewed_hisab_trip_detail,application,2025-12-15,08:09:09.822000,17:42:31.219000,2,,2,Monday
viewed_hisab_trip_detail,application,2025-12-16,11:15:06.461000,19:23:37.801000,12,,12,Tuesday
viewed_hisab_trip_detail,application,2025-12-18,08:44:28.833000,20:45:27.098000,77,,77,Thursday
viewed_hisab_trip_detail,application,2025-12-19,06:18:37.085000,21:18:30.298000,149,,149,Friday
viewed_hisab_trip_detail,application,2025-12-20,06:54:02.705000,22:52:07.980000,144,,144,Saturday
viewed_hisab_trip_detail,application,2025-12-21,07:00:34.859000,21:01:42.894000,135,,135,Sunday
viewed_hisab_trip_detail,application,2025-12-22,07:29:32.675000,21:03:45.264000,242,,242,Monday
viewed_hisab_trip_detail,application,2025-12-23,07:02:56.163000,19:36:16.240000,176,,176,Tuesday
viewed_hisab_trip_detail,application,2025-12-24,07:52:54.632000,21:48:04.951000,118,,118,Wednesday
viewed_hisab_trip_detail,application,2025-12-25,07:29:37.650000,22:01:11.230000,123,,123,Thursday
viewed_hisab_trip_detail,application,2025-12-26,07:35:43.753000,22:26:42.509000,149,,149,Friday
viewed_hisab_trip_detail,application,2025-12-27,08:14:37.988000,19:06:02.613000,74,,74,Saturday
viewed_hisab_trip_detail,application,2025-12-28,08:10:49.941000,18:55:09.936000,71,,71,Sunday
viewed_hisab_trip_detail,application,2025-12-29,07:01:18.836000,22:01:21.636000,47,,47,Monday
viewed_hisab_trip_detail,application,2025-12-30,05:23:06.664000,19:51:56.906000,56,,56,Tuesday
viewed_hisab_trip_detail,application,2025-12-31,05:34:02.426000,21:24:02.950000,89,,89,Wednesday
viewed_hisab_trip_detail,application,2026-01-01,07:32:19.253000,19:28:38.027000,112,,112,Thursday
viewed_hisab_trip_detail,application,2026-01-02,07:48:05.912000,21:02:22.845000,63,,63,Friday
viewed_hisab_trip_detail,application,2026-01-03,07:45:01.252000,21:39:15.475000,111,,111,Saturday
viewed_hisab_trip_detail,application,2026-01-04,06:29:33.150000,22:32:13.250000,235,,235,Sunday
viewed_hisab_trip_detail,application,2026-01-05,00:00:42.733000,21:35:23.856000,281,,281,Monday
viewed_hisab_trip_detail,application,2026-01-06,07:45:22.729000,22:40:59.877000,37,,37,Tuesday
viewed_hisab_trip_detail,application,2026-01-07,07:38:08.815000,21:27:46.700000,75,,75,Wednesday
viewed_hisab_trip_detail,application,2026-01-08,06:39:52.991000,19:33:53.252000,82,,82,Thursday
viewed_hisab_trip_detail,application,2026-01-09,07:57:53.786000,23:26:00.855000,49,,49,Friday
viewed_hisab_trip_detail,application,2026-01-10,07:15:58.470000,18:49:21.536000,81,,81,Saturday
viewed_hisab_trip_detail,application,2026-01-11,08:00:37.955000,20:37:30.660000,54,,54,Sunday
viewed_hisab_trip_detail,application,2026-01-12,08:11:02.763000,22:20:10.029000,81,,81,Monday
viewed_hisab_trip_detail,application,2026-01-13,07:40:17.766000,20:05:03.368000,68,,68,Tuesday
viewed_hisab_trip_detail,application,2026-01-14,07:52:00.238000,21:33:56.713000,106,,106,Wednesday
viewed_hisab_trip_detail,application,2026-01-15,06:21:52.784000,19:31:27.744000,103,,103,Thursday
viewed_hisab_trip_detail,application,2026-01-16,06:30:54.285000,19:29:41.805000,66,,66,Friday
viewed_hisab_trip_detail,application,2026-01-17,07:47:40.482000,21:42:57.915000,94,,94,Saturday
viewed_hisab_trip_detail,application,2026-01-18,07:56:37.782000,21:59:47.285000,13,,13,Sunday
viewed_hisab_trip_detail,application,2026-01-23,07:26:25.872000,20:21:14.305000,64,,64,Friday
viewed_hisab_trip_detail,application,2026-01-24,08:26:34.280000,21:54:15.261000,56,,56,Saturday
viewed_hisab_trip_detail,application,2026-01-25,07:51:34.067000,21:45:20.201000,75,,75,Sunday
viewed_hisab_trip_detail,application,2026-01-26,07:39:18.957000,21:36:35.258000,107,,107,Monday
viewed_hisab_trip_detail,application,2026-01-27,08:01:24.678000,22:31:51.083000,115,,115,Tuesday
viewed_hisab_trip_detail,application,2026-01-28,07:19:40.589000,20:44:41.530000,79,,79,Wednesday
viewed_hisab_trip_detail,application,2026-01-29,06:51:36.285000,22:15:35.074000,120,,120,Thursday
viewed_hisab_trip_detail,application,2026-01-30,07:44:29.454000,20:43:28.699000,40,,40,Friday
viewed_hisab_trip_detail,application,2026-01-31,01:33:28.272000,21:14:10.433000,59,,59,Saturday
viewed_hisab_trip_detail,application,2026-02-01,06:28:34.899000,22:00:41.828000,78,,78,Sunday
viewed_hisab_trip_detail,application,2026-02-02,06:52:03.411000,20:35:19.882000,157,,157,Monday
viewed_hisab_trip_detail,application,2026-02-03,06:45:41.528000,20:44:39.964000,150,,150,Tuesday
viewed_hisab_trip_detail,application,2026-02-04,06:51:55.423000,21:37:30.793000,117,,117,Wednesday
viewed_hisab_trip_detail,application,2026-02-05,02:33:42.640000,19:56:22.909000,88,,88,Thursday
viewed_hisab_trip_detail,application,2026-02-06,06:41:54.453000,23:21:05.823000,111,,111,Friday
viewed_hisab_trip_detail,application,2026-02-07,05:13:02.055000,23:31:46.718000,148,,148,Saturday
viewed_hisab_trip_detail,application,2026-02-08,02:50:25.115000,22:53:25.564000,104,,104,Sunday
viewed_hisab_trip_detail,application,2026-02-09,06:35:30.320000,21:32:24.997000,169,,169,Monday
viewed_hisab_trip_detail,application,2026-02-10,06:02:39.902000,22:35:46.449000,118,,118,Tuesday
viewed_hisab_trip_detail,application,2026-02-11,01:17:20.701000,21:59:48.406000,113,,113,Wednesday
viewed_hisab_trip_detail,application,2026-02-12,06:29:55.238000,21:27:14.405000,114,,114,Thursday
viewed_hisab_trip_detail,application,2026-02-13,07:08:43.825000,21:49:31.973000,117,,117,Friday
viewed_hisab_trip_detail,application,2026-02-14,07:28:48.802000,20:18:39.589000,117,,117,Saturday
viewed_hisab_trip_detail,application,2026-02-15,06:16:39.883000,21:02:51.839000,153,,153,Sunday
viewed_hisab_trip_detail,application,2026-02-16,06:18:37.809000,21:30:05.198000,153,,153,Monday
viewed_hisab_trip_detail,application,2026-02-17,06:29:49.914000,20:42:27.265000,117,,117,Tuesday
viewed_hisab_trip_detail,application,2026-02-18,00:45:30.037000,21:59:16.128000,161,,161,Wednesday
viewed_hisab_trip_detail,application,2026-02-19,07:00:46.772000,21:53:06.175000,104,,104,Thursday
viewed_login/signup_page,application,2025-12-04,15:40:09.835000,15:40:09.835000,1,,1,Thursday
viewed_login/signup_page,application,2025-12-06,10:17:37.342000,23:30:16.058000,2,,2,Saturday
viewed_login/signup_page,application,2025-12-13,14:25:39.631000,14:31:41.679000,2,,2,Saturday
viewed_login/signup_page,application,2025-12-17,12:54:14.512000,19:34:18.809000,5,,5,Wednesday
viewed_login/signup_page,application,2025-12-18,14:52:43.784000,23:01:06.949000,8,,8,Thursday
viewed_login/signup_page,application,2025-12-19,11:33:24.288000,13:45:55.872000,3,,3,Friday
viewed_login/signup_page,application,2025-12-20,02:43:53.121000,22:51:40.739000,9,,9,Saturday
viewed_login/signup_page,application,2025-12-21,12:45:13.083000,19:11:55.121000,2,,2,Sunday
viewed_login/signup_page,application,2025-12-22,17:38:18.202000,23:58:03.401000,3,,3,Monday
viewed_login/signup_page,application,2025-12-23,11:21:00.792000,17:21:22.139000,4,,4,Tuesday
viewed_login/signup_page,application,2025-12-24,07:29:18.902000,22:11:27.866000,10,,10,Wednesday
viewed_login/signup_page,application,2025-12-25,09:37:24.119000,23:08:53.444000,18,,18,Thursday
viewed_login/signup_page,application,2025-12-26,14:59:23.876000,14:59:23.876000,1,,1,Friday
viewed_login/signup_page,application,2025-12-27,01:05:27.393000,14:18:13.638000,4,,4,Saturday
viewed_login/signup_page,application,2025-12-28,09:07:45.146000,20:54:02.537000,12,,12,Sunday
viewed_login/signup_page,application,2025-12-29,06:57:46.495000,19:01:23.376000,10,,10,Monday
viewed_login/signup_page,application,2025-12-30,20:57:19.649000,20:57:19.649000,1,,1,Tuesday
viewed_login/signup_page,application,2026-01-02,13:25:59.376000,16:35:59.087000,2,,2,Friday
viewed_login/signup_page,application,2026-01-03,11:35:34.614000,17:54:51.347000,2,,2,Saturday
viewed_login/signup_page,application,2026-01-04,12:06:29.502000,20:50:13.428000,6,,6,Sunday
viewed_login/signup_page,application,2026-01-05,08:31:12.379000,21:25:46.339000,39,,39,Monday
viewed_login/signup_page,application,2026-01-07,12:07:23.336000,20:25:08.807000,4,,4,Wednesday
viewed_login/signup_page,application,2026-01-08,11:31:04.383000,19:54:49.928000,4,,4,Thursday
viewed_login/signup_page,application,2026-01-09,13:00:35.537000,22:29:29.580000,14,,14,Friday
viewed_login/signup_page,application,2026-01-10,17:07:52.378000,17:07:52.378000,1,,1,Saturday
viewed_login/signup_page,application,2026-01-13,08:23:58.949000,14:51:22.736000,2,,2,Tuesday
viewed_login/signup_page,application,2026-01-14,12:31:19.936000,12:31:19.936000,1,,1,Wednesday
viewed_login/signup_page,application,2026-01-15,11:29:27.497000,17:19:10.005000,5,,5,Thursday
viewed_login/signup_page,application,2026-01-16,08:38:10.830000,13:14:30.556000,4,,4,Friday
viewed_login/signup_page,application,2026-01-17,09:45:32.748000,16:19:52.682000,5,,5,Saturday
viewed_login/signup_page,application,2026-01-23,12:44:13.121000,16:11:33.166000,2,,2,Friday
viewed_login/signup_page,application,2026-01-24,21:51:24.009000,21:51:24.009000,1,,1,Saturday
viewed_login/signup_page,application,2026-01-26,08:40:17.783000,08:40:17.783000,1,,1,Monday
viewed_login/signup_page,application,2026-01-27,10:24:57.218000,15:38:09.048000,5,,5,Tuesday
viewed_login/signup_page,application,2026-01-28,12:16:31.036000,20:16:02.521000,4,,4,Wednesday
viewed_login/signup_page,application,2026-01-29,12:37:23.829000,20:48:39.962000,5,,5,Thursday
viewed_login/signup_page,application,2026-01-30,18:43:43.454000,20:05:32.726000,3,,3,Friday
viewed_login/signup_page,application,2026-01-31,14:16:22.154000,18:41:14.946000,2,,2,Saturday
viewed_login/signup_page,application,2026-02-02,09:49:54.380000,23:57:40.790000,3,,3,Monday
viewed_login/signup_page,application,2026-02-03,12:41:51.343000,12:42:57.929000,2,,2,Tuesday
viewed_login/signup_page,application,2026-02-04,11:24:30.351000,12:29:59.378000,2,,2,Wednesday
viewed_login/signup_page,application,2026-02-05,20:09:41.181000,20:09:41.181000,1,,1,Thursday
viewed_login/signup_page,application,2026-02-06,06:21:28.177000,18:34:21.301000,5,,5,Friday
viewed_login/signup_page,application,2026-02-07,23:22:49.735000,23:22:49.735000,3,,3,Saturday
viewed_login/signup_page,application,2026-02-08,15:32:30.852000,15:32:30.852000,2,,2,Sunday
viewed_login/signup_page,application,2026-02-09,12:58:00.144000,17:37:36.102000,2,,2,Monday
viewed_login/signup_page,application,2026-02-10,10:34:32.708000,21:55:27.488000,7,,7,Tuesday
viewed_login/signup_page,application,2026-02-11,07:41:05.083000,20:10:44.693000,11,,11,Wednesday
viewed_login/signup_page,application,2026-02-12,12:47:41.099000,17:03:33.267000,3,,3,Thursday
viewed_login/signup_page,application,2026-02-13,12:11:08.290000,16:13:59.292000,4,,4,Friday
viewed_login/signup_page,application,2026-02-14,15:13:53.260000,15:14:32.420000,3,,3,Saturday
viewed_login/signup_page,application,2026-02-15,10:57:38.279000,11:02:07.571000,2,,2,Sunday
viewed_login/signup_page,application,2026-02-16,14:06:09.203000,19:28:04.232000,6,,6,Monday
viewed_login/signup_page,application,2026-02-17,08:40:39.598000,17:14:27.505000,5,,5,Tuesday
viewed_login/signup_page,application,2026-02-18,08:45:36.233000,17:24:00.231000,9,,9,Wednesday
viewed_login/signup_page,application,2026-02-19,15:22:32.193000,17:21:53.306000,2,,2,Thursday
viewed_login_otp_verify_page,application,2025-12-03,12:06:32.010000,12:06:32.010000,1,,1,Wednesday
viewed_login_otp_verify_page,application,2025-12-06,10:17:50.795000,10:17:50.795000,1,,1,Saturday
viewed_login_otp_verify_page,application,2025-12-07,16:31:33.138000,16:31:33.138000,1,,1,Sunday
viewed_login_otp_verify_page,application,2025-12-13,14:25:50.841000,14:37:26.348000,11,,11,Saturday
viewed_login_otp_verify_page,application,2025-12-17,12:55:16.355000,15:14:49.369000,3,,3,Wednesday
viewed_login_otp_verify_page,application,2025-12-18,14:53:00.541000,19:39:49.399000,4,,4,Thursday
viewed_login_otp_verify_page,application,2025-12-19,11:33:31.831000,13:46:06.884000,4,,4,Friday
viewed_login_otp_verify_page,application,2025-12-20,02:44:01.615000,22:51:48.701000,5,,5,Saturday
viewed_login_otp_verify_page,application,2025-12-21,12:45:18.887000,19:12:06.520000,4,,4,Sunday
viewed_login_otp_verify_page,application,2025-12-22,17:38:27.561000,23:58:08.592000,3,,3,Monday
viewed_login_otp_verify_page,application,2025-12-23,11:21:09.572000,17:01:35.722000,3,,3,Tuesday
viewed_login_otp_verify_page,application,2025-12-24,07:51:00.200000,22:11:45.304000,6,,6,Wednesday
viewed_login_otp_verify_page,application,2025-12-25,09:38:21.659000,16:24:39.503000,30,,30,Thursday
viewed_login_otp_verify_page,application,2025-12-26,14:59:36.881000,14:59:36.881000,1,,1,Friday
viewed_login_otp_verify_page,application,2025-12-27,01:06:14.888000,14:18:24.178000,4,,4,Saturday
viewed_login_otp_verify_page,application,2025-12-28,09:07:50.783000,20:54:08.067000,4,,4,Sunday
viewed_login_otp_verify_page,application,2025-12-29,06:57:54.836000,19:01:35.042000,9,,9,Monday
viewed_login_otp_verify_page,application,2025-12-30,21:05:00.377000,21:05:00.377000,1,,1,Tuesday
viewed_login_otp_verify_page,application,2026-01-02,13:26:12.236000,16:36:07.861000,2,,2,Friday
viewed_login_otp_verify_page,application,2026-01-03,11:35:48.609000,11:36:11.296000,2,,2,Saturday
viewed_login_otp_verify_page,application,2026-01-04,12:06:34.061000,20:50:30.024000,6,,6,Sunday
viewed_login_otp_verify_page,application,2026-01-05,08:33:02.239000,21:25:55.717000,37,,37,Monday
viewed_login_otp_verify_page,application,2026-01-07,12:07:37.519000,20:26:56.169000,3,,3,Wednesday
viewed_login_otp_verify_page,application,2026-01-08,11:34:20.764000,19:54:57.463000,3,,3,Thursday
viewed_login_otp_verify_page,application,2026-01-09,13:00:48.987000,22:29:37.573000,14,,14,Friday
viewed_login_otp_verify_page,application,2026-01-10,17:09:29.751000,17:09:29.751000,1,,1,Saturday
viewed_login_otp_verify_page,application,2026-01-13,08:24:19.919000,08:25:01.608000,2,,2,Tuesday
viewed_login_otp_verify_page,application,2026-01-15,11:29:42.708000,16:33:16.921000,3,,3,Thursday
viewed_login_otp_verify_page,application,2026-01-16,08:38:33.832000,13:14:39.120000,3,,3,Friday
viewed_login_otp_verify_page,application,2026-01-17,09:46:08.643000,16:20:05.447000,5,,5,Saturday
viewed_login_otp_verify_page,application,2026-01-23,12:46:19.345000,16:12:04.256000,2,,2,Friday
viewed_login_otp_verify_page,application,2026-01-24,21:51:29.261000,21:51:29.261000,1,,1,Saturday
viewed_login_otp_verify_page,application,2026-01-26,08:40:35.159000,08:40:35.159000,1,,1,Monday
viewed_login_otp_verify_page,application,2026-01-27,10:25:03.607000,15:38:18.893000,3,,3,Tuesday
viewed_login_otp_verify_page,application,2026-01-28,12:17:23.355000,20:16:10.009000,4,,4,Wednesday
viewed_login_otp_verify_page,application,2026-01-29,12:37:31.757000,20:49:33.827000,4,,4,Thursday
viewed_login_otp_verify_page,application,2026-01-30,18:43:50.178000,20:05:37.345000,5,,5,Friday
viewed_login_otp_verify_page,application,2026-01-31,14:16:27.678000,18:41:23.679000,2,,2,Saturday
viewed_login_otp_verify_page,application,2026-02-02,09:50:34.379000,23:57:47.179000,3,,3,Monday
viewed_login_otp_verify_page,application,2026-02-03,12:42:18.639000,12:43:09.626000,2,,2,Tuesday
viewed_login_otp_verify_page,application,2026-02-04,11:24:41.966000,12:30:15.332000,2,,2,Wednesday
viewed_login_otp_verify_page,application,2026-02-05,20:10:08.259000,20:10:08.259000,1,,1,Thursday
viewed_login_otp_verify_page,application,2026-02-06,12:30:47.020000,18:34:33.965000,4,,4,Friday
viewed_login_otp_verify_page,application,2026-02-07,23:22:59.633000,23:22:59.633000,1,,1,Saturday
viewed_login_otp_verify_page,application,2026-02-08,15:32:41.127000,15:32:41.127000,1,,1,Sunday
viewed_login_otp_verify_page,application,2026-02-09,13:13:55.939000,17:40:17.012000,2,,2,Monday
viewed_login_otp_verify_page,application,2026-02-10,11:01:01.841000,21:55:38.563000,10,,10,Tuesday
viewed_login_otp_verify_page,application,2026-02-11,09:19:22.036000,20:16:25.391000,10,,10,Wednesday
viewed_login_otp_verify_page,application,2026-02-12,12:47:55.142000,17:04:09.152000,2,,2,Thursday
viewed_login_otp_verify_page,application,2026-02-13,12:11:24.811000,20:23:27.377000,5,,5,Friday
viewed_login_otp_verify_page,application,2026-02-14,15:13:57.462000,15:14:37.259000,3,,3,Saturday
viewed_login_otp_verify_page,application,2026-02-15,11:02:14.177000,11:02:14.177000,1,,1,Sunday
viewed_login_otp_verify_page,application,2026-02-16,14:06:18.156000,19:28:10.309000,7,,7,Monday
viewed_login_otp_verify_page,application,2026-02-17,08:41:10.343000,17:14:33.442000,4,,4,Tuesday
viewed_login_otp_verify_page,application,2026-02-18,08:46:02.723000,17:24:16.210000,10,,10,Wednesday
viewed_login_otp_verify_page,application,2026-02-19,16:02:17.395000,17:22:03.580000,2,,2,Thursday
viewed_login_page,application,2025-11-28,09:46:45.060000,09:46:45.060000,1,,1,Friday
viewed_login_page,application,2025-11-29,15:21:02.411000,15:21:02.411000,1,,1,Saturday
viewed_login_page,application,2025-12-03,11:53:13.893000,12:06:14.268000,2,,2,Wednesday
viewed_login_page,application,2025-12-05,18:14:48.707000,18:14:48.707000,1,,1,Friday
viewed_login_page,application,2025-12-06,10:17:40.021000,10:17:40.021000,1,,1,Saturday
viewed_login_page,application,2025-12-10,16:52:14.036000,16:52:14.036000,1,,1,Wednesday
viewed_login_page,application,2025-12-13,14:25:41.995000,14:31:41.998000,2,,2,Saturday
viewed_login_page,application,2025-12-17,12:54:47.761000,15:14:36.697000,4,,4,Wednesday
viewed_login_page,application,2025-12-18,14:52:45.204000,22:51:02.667000,7,,7,Thursday
viewed_login_page,application,2025-12-19,11:33:25.208000,13:45:57.878000,3,,3,Friday
viewed_login_page,application,2025-12-20,02:43:54.686000,22:51:43.190000,8,,8,Saturday
viewed_login_page,application,2025-12-21,12:45:13.999000,19:11:57.956000,2,,2,Sunday
viewed_login_page,application,2025-12-22,17:38:20.990000,23:58:04.017000,3,,3,Monday
viewed_login_page,application,2025-12-23,11:21:03.489000,17:01:25.335000,4,,4,Tuesday
viewed_login_page,application,2025-12-24,07:29:20.458000,22:11:29.239000,10,,10,Wednesday
viewed_login_page,application,2025-12-25,09:37:43.006000,16:24:33.112000,13,,13,Thursday
viewed_login_page,application,2025-12-26,14:59:24.476000,15:26:12.602000,2,,2,Friday
viewed_login_page,application,2025-12-27,01:05:28.839000,14:18:14.372000,3,,3,Saturday
viewed_login_page,application,2025-12-28,09:07:45.998000,20:54:03.153000,9,,9,Sunday
viewed_login_page,application,2025-12-29,06:57:47.646000,19:01:24.600000,11,,11,Monday
viewed_login_page,application,2025-12-30,20:57:20.415000,20:57:20.415000,1,,1,Tuesday
viewed_login_page,application,2025-12-31,12:09:53.107000,12:09:53.107000,1,,1,Wednesday
viewed_login_page,application,2026-01-02,13:26:07.864000,16:36:01.556000,3,,3,Friday
viewed_login_page,application,2026-01-03,11:35:35.565000,17:54:53.230000,3,,3,Saturday
viewed_login_page,application,2026-01-04,12:06:30.245000,20:50:21.220000,6,,6,Sunday
viewed_login_page,application,2026-01-05,08:31:15.645000,21:25:48.778000,42,,42,Monday
viewed_login_page,application,2026-01-07,12:07:24.171000,20:25:09.506000,4,,4,Wednesday
viewed_login_page,application,2026-01-08,11:31:07.727000,19:54:50.677000,4,,4,Thursday
viewed_login_page,application,2026-01-09,13:00:36.453000,22:29:30.230000,13,,13,Friday
viewed_login_page,application,2026-01-10,17:07:52.995000,17:07:52.995000,1,,1,Saturday
viewed_login_page,application,2026-01-13,08:24:01.613000,14:51:29.705000,3,,3,Tuesday
viewed_login_page,application,2026-01-14,16:44:14.943000,16:44:14.943000,1,,1,Wednesday
viewed_login_page,application,2026-01-15,11:29:31.741000,17:19:20.219000,6,,6,Thursday
viewed_login_page,application,2026-01-16,08:38:11.766000,13:14:32.369000,3,,3,Friday
viewed_login_page,application,2026-01-17,09:45:35.083000,16:19:56.461000,5,,5,Saturday
viewed_login_page,application,2026-01-23,12:44:14.956000,16:11:33.932000,2,,2,Friday
viewed_login_page,application,2026-01-24,21:51:24.625000,21:51:24.625000,1,,1,Saturday
viewed_login_page,application,2026-01-26,08:40:25.740000,08:40:25.740000,1,,1,Monday
viewed_login_page,application,2026-01-27,10:24:57.986000,15:38:09.808000,3,,3,Tuesday
viewed_login_page,application,2026-01-28,12:16:33.351000,20:16:03.367000,4,,4,Wednesday
viewed_login_page,application,2026-01-29,12:37:24.531000,20:49:11.180000,4,,4,Thursday
viewed_login_page,application,2026-01-30,14:07:35.255000,20:05:33.342000,6,,6,Friday
viewed_login_page,application,2026-01-31,14:16:23.441000,18:41:16.937000,2,,2,Saturday
viewed_login_page,application,2026-02-02,09:49:59.940000,23:57:41.457000,4,,4,Monday
viewed_login_page,application,2026-02-03,12:41:53.694000,18:28:21.972000,3,,3,Tuesday
viewed_login_page,application,2026-02-04,11:24:33.288000,15:38:39.033000,3,,3,Wednesday
viewed_login_page,application,2026-02-05,20:09:42.014000,20:09:50.086000,3,,3,Thursday
viewed_login_page,application,2026-02-06,12:30:30.377000,18:34:21.876000,6,,6,Friday
viewed_login_page,application,2026-02-07,23:22:51.918000,23:22:51.918000,1,,1,Saturday
viewed_login_page,application,2026-02-08,15:32:31.602000,15:32:31.602000,1,,1,Sunday
viewed_login_page,application,2026-02-09,13:13:49.312000,17:40:07.348000,3,,3,Monday
viewed_login_page,application,2026-02-10,11:00:54.010000,21:55:28.420000,6,,6,Tuesday
viewed_login_page,application,2026-02-11,07:41:05.968000,20:10:46.001000,10,,10,Wednesday
viewed_login_page,application,2026-02-12,12:47:42.033000,17:03:34.094000,3,,3,Thursday
viewed_login_page,application,2026-02-13,12:11:15.308000,16:14:00.479000,4,,4,Friday
viewed_login_page,application,2026-02-14,15:13:54.416000,15:14:33.593000,3,,3,Saturday
viewed_login_page,application,2026-02-15,11:02:08.374000,11:02:08.374000,1,,1,Sunday
viewed_login_page,application,2026-02-16,14:06:12.090000,19:28:04.901000,6,,6,Monday
viewed_login_page,application,2026-02-17,08:40:57.155000,17:14:28.149000,6,,6,Tuesday
viewed_login_page,application,2026-02-18,08:45:37.685000,17:24:02.459000,8,,8,Wednesday
viewed_login_page,application,2026-02-19,15:22:32.893000,17:21:55.587000,2,,2,Thursday
viewed_machine_name_change_page,application,2025-12-06,10:40:18.791000,12:18:32.638000,2,,2,Saturday
viewed_machine_name_change_page,application,2025-12-07,05:45:24.880000,05:45:24.880000,1,,1,Sunday
viewed_machine_name_change_page,application,2025-12-08,08:18:07.156000,08:18:07.156000,1,,1,Monday
viewed_machine_name_change_page,application,2025-12-13,07:54:19.381000,07:54:19.381000,1,,1,Saturday
viewed_machine_name_change_page,application,2025-12-20,19:47:30.810000,19:47:30.810000,1,,1,Saturday
viewed_machine_name_change_page,application,2025-12-24,10:09:54.506000,10:09:54.506000,1,,1,Wednesday
viewed_machine_name_change_page,application,2025-12-26,16:09:01.326000,16:09:01.326000,1,,1,Friday
viewed_machine_name_change_page,application,2025-12-27,02:13:37.200000,02:13:37.200000,1,,1,Saturday
viewed_machine_name_change_page,application,2026-01-04,11:37:19.293000,11:37:19.293000,1,,1,Sunday
viewed_machine_name_change_page,application,2026-01-13,08:58:04.663000,08:58:04.663000,1,,1,Tuesday
viewed_machine_name_change_page,application,2026-01-16,16:57:40.721000,16:57:40.721000,1,,1,Friday
viewed_machine_name_change_page,application,2026-01-27,15:54:14.255000,15:54:14.255000,1,,1,Tuesday
viewed_machine_name_change_page,application,2026-01-29,12:30:48.692000,22:32:44.366000,2,,2,Thursday
viewed_machine_name_change_page,application,2026-01-31,12:53:13.462000,12:53:13.462000,1,,1,Saturday
viewed_machine_name_change_page,application,2026-02-02,20:31:18.564000,20:31:18.564000,1,,1,Monday
viewed_machine_name_change_page,application,2026-02-07,09:16:26.677000,09:16:26.677000,1,,1,Saturday
viewed_machine_name_change_page,application,2026-02-11,08:58:26.948000,18:47:51.253000,4,,4,Wednesday
viewed_machine_name_change_page,application,2026-02-13,12:17:11.853000,12:17:11.853000,1,,1,Friday
viewed_machine_name_change_page,application,2026-02-16,17:50:18.608000,18:20:33.730000,2,,2,Monday
viewed_machine_name_change_page,application,2026-02-18,15:32:01.413000,16:01:18.602000,2,,2,Wednesday
viewed_manage_route_and_pricing_page,application,2025-12-06,10:23:51.268000,17:58:01.448000,5,,5,Saturday
viewed_manage_route_and_pricing_page,application,2025-12-07,08:45:41.947000,12:00:35.636000,3,,3,Sunday
viewed_manage_route_and_pricing_page,application,2025-12-08,14:29:31.987000,15:34:20.316000,4,,4,Monday
viewed_manage_route_and_pricing_page,application,2025-12-09,12:14:35.395000,12:16:47.334000,2,,2,Tuesday
viewed_manage_route_and_pricing_page,application,2025-12-10,11:43:12.949000,11:43:12.949000,1,,1,Wednesday
viewed_manage_route_and_pricing_page,application,2025-12-13,08:20:08.937000,15:37:19.295000,9,,9,Saturday
viewed_manage_route_and_pricing_page,application,2025-12-17,15:40:51.726000,15:40:51.726000,1,,1,Wednesday
viewed_manage_route_and_pricing_page,application,2025-12-18,08:03:14.348000,13:18:02.749000,7,,7,Thursday
viewed_manage_route_and_pricing_page,application,2025-12-19,14:44:56.824000,14:44:56.824000,1,,1,Friday
viewed_manage_route_and_pricing_page,application,2025-12-20,01:24:10.045000,01:32:07.912000,3,,3,Saturday
viewed_manage_route_and_pricing_page,application,2025-12-21,12:02:37.432000,22:06:24.585000,4,,4,Sunday
viewed_manage_route_and_pricing_page,application,2025-12-22,11:16:35.328000,16:30:18.366000,3,,3,Monday
viewed_manage_route_and_pricing_page,application,2025-12-23,06:41:36.273000,15:21:21.036000,9,,9,Tuesday
viewed_manage_route_and_pricing_page,application,2025-12-24,10:10:42.710000,15:24:49.778000,3,,3,Wednesday
viewed_manage_route_and_pricing_page,application,2025-12-25,16:28:58.203000,21:32:51.443000,21,,21,Thursday
viewed_manage_route_and_pricing_page,application,2025-12-26,09:57:40.285000,11:27:09.727000,6,,6,Friday
viewed_manage_route_and_pricing_page,application,2025-12-27,13:32:59.373000,14:56:17.751000,4,,4,Saturday
viewed_manage_route_and_pricing_page,application,2025-12-28,09:37:43.827000,11:14:56.896000,4,,4,Sunday
viewed_manage_route_and_pricing_page,application,2025-12-29,13:21:21.338000,19:30:54.922000,5,,5,Monday
viewed_manage_route_and_pricing_page,application,2025-12-31,10:24:01.647000,16:23:14.931000,7,,7,Wednesday
viewed_manage_route_and_pricing_page,application,2026-01-01,07:38:28.642000,16:58:16.762000,6,,6,Thursday
viewed_manage_route_and_pricing_page,application,2026-01-02,19:06:25.475000,19:06:25.475000,1,,1,Friday
viewed_manage_route_and_pricing_page,application,2026-01-03,07:51:34.491000,15:12:50.849000,3,,3,Saturday
viewed_manage_route_and_pricing_page,application,2026-01-04,21:07:09.752000,21:18:55.232000,6,,6,Sunday
viewed_manage_route_and_pricing_page,application,2026-01-05,12:15:06.563000,18:25:30.819000,10,,10,Monday
viewed_manage_route_and_pricing_page,application,2026-01-06,09:04:40.779000,09:04:40.779000,1,,1,Tuesday
viewed_manage_route_and_pricing_page,application,2026-01-07,16:04:30.228000,21:30:21.478000,2,,2,Wednesday
viewed_manage_route_and_pricing_page,application,2026-01-08,14:38:18.235000,14:38:18.235000,1,,1,Thursday
viewed_manage_route_and_pricing_page,application,2026-01-09,07:58:24.691000,07:58:24.691000,1,,1,Friday
viewed_manage_route_and_pricing_page,application,2026-01-11,13:34:01.156000,13:34:01.156000,1,,1,Sunday
viewed_manage_route_and_pricing_page,application,2026-01-12,22:19:39.670000,22:19:39.670000,1,,1,Monday
viewed_manage_route_and_pricing_page,application,2026-01-13,08:33:44.316000,08:57:14.272000,2,,2,Tuesday
viewed_manage_route_and_pricing_page,application,2026-01-14,15:56:29.713000,20:04:56.588000,2,,2,Wednesday
viewed_manage_route_and_pricing_page,application,2026-01-15,12:46:03.728000,12:46:03.728000,1,,1,Thursday
viewed_manage_route_and_pricing_page,application,2026-01-16,09:20:37.188000,17:00:32.135000,5,,5,Friday
viewed_manage_route_and_pricing_page,application,2026-01-17,13:51:09.018000,13:51:09.018000,1,,1,Saturday
viewed_manage_route_and_pricing_page,application,2026-01-18,14:56:22.608000,14:56:22.608000,1,,1,Sunday
viewed_manage_route_and_pricing_page,application,2026-01-24,20:56:25.741000,20:56:25.741000,1,,1,Saturday
viewed_manage_route_and_pricing_page,application,2026-01-25,10:13:14.623000,10:13:14.623000,1,,1,Sunday
viewed_manage_route_and_pricing_page,application,2026-01-26,11:15:22.962000,13:00:51.722000,2,,2,Monday
viewed_manage_route_and_pricing_page,application,2026-01-27,15:22:45.463000,17:19:17.814000,3,,3,Tuesday
viewed_manage_route_and_pricing_page,application,2026-01-31,12:51:18.770000,12:53:04.456000,2,,2,Saturday
viewed_manage_route_and_pricing_page,application,2026-02-01,10:54:31.560000,10:54:31.560000,1,,1,Sunday
viewed_manage_route_and_pricing_page,application,2026-02-04,14:38:47.263000,19:23:54.656000,2,,2,Wednesday
viewed_manage_route_and_pricing_page,application,2026-02-06,12:43:35.301000,18:11:15.264000,3,,3,Friday
viewed_manage_route_and_pricing_page,application,2026-02-07,08:30:16.474000,18:21:58.460000,2,,2,Saturday
viewed_manage_route_and_pricing_page,application,2026-02-08,02:02:24.299000,22:50:54.249000,6,,6,Sunday
viewed_manage_route_and_pricing_page,application,2026-02-09,21:28:35.134000,21:35:09.869000,2,,2,Monday
viewed_manage_route_and_pricing_page,application,2026-02-10,15:28:10.732000,23:24:04.060000,3,,3,Tuesday
viewed_manage_route_and_pricing_page,application,2026-02-11,08:54:58.837000,18:29:56.065000,11,,11,Wednesday
viewed_manage_route_and_pricing_page,application,2026-02-12,19:10:13.740000,19:10:13.740000,1,,1,Thursday
viewed_manage_route_and_pricing_page,application,2026-02-13,11:49:45.644000,16:15:03.169000,4,,4,Friday
viewed_manage_route_and_pricing_page,application,2026-02-14,12:30:18.754000,16:10:07.804000,2,,2,Saturday
viewed_manage_route_and_pricing_page,application,2026-02-15,11:02:21.818000,15:08:23.261000,2,,2,Sunday
viewed_manage_route_and_pricing_page,application,2026-02-16,15:18:59.795000,19:28:28.775000,6,,6,Monday
viewed_manage_route_and_pricing_page,application,2026-02-17,04:44:46.239000,17:03:57.894000,2,,2,Tuesday
viewed_manage_route_and_pricing_page,application,2026-02-18,10:56:02.646000,21:34:42.411000,4,,4,Wednesday
viewed_my_profile_page,application,2025-12-06,10:39:18.231000,12:18:09.736000,4,,4,Saturday
viewed_my_profile_page,application,2025-12-18,18:43:07.595000,18:43:07.595000,1,,1,Thursday
viewed_my_profile_page,application,2025-12-19,20:03:58.505000,20:03:58.505000,1,,1,Friday
viewed_my_profile_page,application,2025-12-20,01:28:36.533000,01:32:37.630000,2,,2,Saturday
viewed_my_profile_page,application,2025-12-21,19:20:50.967000,19:20:50.967000,1,,1,Sunday
viewed_my_profile_page,application,2025-12-22,12:06:29.400000,12:06:29.400000,1,,1,Monday
viewed_my_profile_page,application,2025-12-26,11:26:40.703000,11:26:40.703000,3,,3,Friday
viewed_my_profile_page,application,2025-12-27,01:48:28.495000,01:48:28.495000,1,,1,Saturday
viewed_my_profile_page,application,2025-12-28,09:36:12.363000,09:36:12.363000,1,,1,Sunday
viewed_my_profile_page,application,2026-01-02,09:10:31.025000,09:10:31.025000,1,,1,Friday
viewed_my_profile_page,application,2026-01-04,21:13:12.158000,21:24:48.409000,6,,6,Sunday
viewed_my_profile_page,application,2026-01-05,13:04:29.299000,15:24:49.025000,9,,9,Monday
viewed_my_profile_page,application,2026-01-12,22:20:44.106000,22:20:44.106000,1,,1,Monday
viewed_my_profile_page,application,2026-01-14,15:24:22.193000,15:24:22.193000,1,,1,Wednesday
viewed_my_profile_page,application,2026-01-16,08:40:01.123000,16:25:18.967000,3,,3,Friday
viewed_my_profile_page,application,2026-01-17,14:23:29.237000,14:25:14.579000,2,,2,Saturday
viewed_my_profile_page,application,2026-01-27,15:55:13.871000,15:55:13.871000,1,,1,Tuesday
viewed_my_profile_page,application,2026-01-28,15:13:24.780000,15:13:24.780000,1,,1,Wednesday
viewed_my_profile_page,application,2026-02-02,20:34:57.978000,20:34:57.978000,1,,1,Monday
viewed_my_profile_page,application,2026-02-04,09:08:19.077000,09:08:19.077000,1,,1,Wednesday
viewed_my_profile_page,application,2026-02-08,02:02:47.172000,22:29:34.990000,2,,2,Sunday
viewed_my_profile_page,application,2026-02-11,11:00:55.492000,17:33:08.838000,3,,3,Wednesday
viewed_my_profile_page,application,2026-02-14,13:15:35.861000,13:15:35.861000,1,,1,Saturday
viewed_my_profile_page,application,2026-02-15,11:17:39.905000,11:17:39.905000,1,,1,Sunday
viewed_my_profile_page,application,2026-02-16,00:06:01.335000,18:20:19.428000,4,,4,Monday
viewed_my_profile_page,application,2026-02-18,21:31:32.849000,21:31:32.849000,1,,1,Wednesday
viewed_nav_drawer_change_language,application,2025-12-07,05:45:14.472000,05:45:14.472000,1,,1,Sunday
viewed_nav_drawer_change_language,application,2025-12-20,19:09:41.377000,19:44:44.774000,4,,4,Saturday
viewed_nav_drawer_change_language,application,2025-12-25,12:49:06.798000,12:49:34.827000,8,,8,Thursday
viewed_nav_drawer_change_language,application,2026-01-08,17:27:23.535000,17:27:23.535000,1,,1,Thursday
viewed_nav_drawer_change_language,application,2026-01-13,08:56:42.434000,08:56:42.434000,1,,1,Tuesday
viewed_nav_drawer_change_language,application,2026-01-16,12:44:08.827000,12:44:08.827000,1,,1,Friday
viewed_nav_drawer_change_language,application,2026-01-27,15:48:27.916000,15:48:27.916000,1,,1,Tuesday
viewed_nav_drawer_change_language,application,2026-02-11,08:57:56.443000,08:57:56.443000,1,,1,Wednesday
viewed_nav_drawer_change_language,application,2026-02-17,17:03:28.283000,17:03:28.283000,1,,1,Tuesday
viewed_nav_drawer_change_language,application,2026-02-18,21:34:33.253000,21:34:33.253000,1,,1,Wednesday
viewed_nav_drawer_change_language_save_btn,application,2025-12-15,16:28:15.166000,16:28:15.166000,1,,1,Monday
viewed_nav_drawer_change_language_save_btn,application,2025-12-20,19:09:45.335000,19:12:24.438000,2,,2,Saturday
viewed_nav_drawer_change_language_save_btn,application,2025-12-25,12:49:08.252000,12:49:34.597000,4,,4,Thursday
viewed_nav_drawer_change_language_save_btn,application,2026-01-27,15:48:32.081000,15:48:32.081000,1,,1,Tuesday
viewed_nav_drawer_change_language_save_btn,application,2026-02-17,17:03:36.072000,17:03:36.072000,1,,1,Tuesday
viewed_null_page,application,2025-11-27,11:40:03.643000,11:40:03.643000,1,,1,Thursday
viewed_null_page,application,2025-12-04,12:52:29.491000,12:52:29.491000,1,,1,Thursday
viewed_null_page,application,2025-12-06,10:22:20.230000,10:22:20.230000,1,,1,Saturday
viewed_null_page,application,2025-12-07,04:20:51.919000,04:20:51.919000,1,,1,Sunday
viewed_null_page,application,2025-12-08,06:40:11.364000,09:57:21.388000,2,,2,Monday
viewed_null_page,application,2025-12-15,03:08:13.800000,03:08:13.800000,1,,1,Monday
viewed_null_page,application,2025-12-18,09:41:33.750000,15:18:36.795000,4,,4,Thursday
viewed_null_page,application,2025-12-19,12:20:01.948000,20:05:15.270000,2,,2,Friday
viewed_null_page,application,2025-12-20,11:32:20.098000,14:58:21.463000,4,,4,Saturday
viewed_null_page,application,2025-12-23,02:12:02.476000,21:21:40.606000,4,,4,Tuesday
viewed_null_page,application,2025-12-28,19:20:34.256000,19:20:34.256000,1,,1,Sunday
viewed_null_page,application,2025-12-29,09:50:26.862000,11:22:56.869000,4,,4,Monday
viewed_null_page,application,2025-12-30,13:11:03.415000,13:11:03.415000,1,,1,Tuesday
viewed_null_page,application,2025-12-31,07:47:26.956000,20:37:40.928000,4,,4,Wednesday
viewed_null_page,application,2026-01-04,16:10:32.350000,16:10:48.023000,3,,3,Sunday
viewed_null_page,application,2026-01-05,06:35:21.599000,19:40:38.504000,7,,7,Monday
viewed_null_page,application,2026-01-06,18:59:20.526000,18:59:20.526000,1,,1,Tuesday
viewed_null_page,application,2026-01-07,19:45:44.697000,19:45:44.697000,1,,1,Wednesday
viewed_null_page,application,2026-01-08,20:52:56.458000,20:52:56.458000,1,,1,Thursday
viewed_null_page,application,2026-01-09,18:14:59.645000,18:14:59.645000,1,,1,Friday
viewed_null_page,application,2026-01-14,06:20:23.855000,14:12:12.441000,2,,2,Wednesday
viewed_null_page,application,2026-01-15,11:42:05.057000,20:25:08.183000,2,,2,Thursday
viewed_null_page,application,2026-01-16,08:43:39.161000,08:43:39.161000,1,,1,Friday
viewed_null_page,application,2026-01-18,06:19:56.618000,11:30:52.334000,2,,2,Sunday
viewed_null_page,application,2026-01-29,11:55:08.080000,12:44:06.020000,2,,2,Thursday
viewed_null_page,application,2026-01-31,19:37:32.994000,20:16:25.148000,6,,6,Saturday
viewed_null_page,application,2026-02-02,21:28:38.746000,21:28:38.746000,1,,1,Monday
viewed_null_page,application,2026-02-03,14:12:04.931000,14:12:04.931000,3,,3,Tuesday
viewed_null_page,application,2026-02-06,16:35:10.206000,17:51:15.620000,2,,2,Friday
viewed_null_page,application,2026-02-07,08:32:03.254000,18:22:14.236000,4,,4,Saturday
viewed_null_page,application,2026-02-09,13:06:59.548000,21:00:49.063000,2,,2,Monday
viewed_null_page,application,2026-02-10,20:27:52.361000,21:11:53.166000,2,,2,Tuesday
viewed_null_page,application,2026-02-12,08:13:04.961000,15:56:46.778000,3,,3,Thursday
viewed_null_page,application,2026-02-13,13:15:18.019000,15:00:26.452000,3,,3,Friday
viewed_null_page,application,2026-02-14,08:11:52.314000,08:11:52.314000,1,,1,Saturday
viewed_null_page,application,2026-02-16,14:19:24.881000,15:36:46.520000,3,,3,Monday
viewed_null_page,application,2026-02-17,18:32:12.314000,21:27:31.906000,4,,4,Tuesday
viewed_null_page,application,2026-02-19,06:18:23.079000,11:26:10.720000,3,,3,Thursday
viewed_offer_discount_page,application,2025-12-02,13:42:43.412000,13:42:43.412000,1,,1,Tuesday
viewed_offer_discount_page,application,2025-12-06,10:47:57.530000,10:48:32.384000,2,,2,Saturday
viewed_offer_discount_page,application,2025-12-13,19:04:21.507000,19:04:21.507000,1,,1,Saturday
viewed_offer_discount_page,application,2025-12-18,16:44:12.475000,16:44:12.475000,1,,1,Thursday
viewed_offer_discount_page,application,2025-12-19,18:35:14.021000,20:03:31.890000,3,,3,Friday
viewed_offer_discount_page,application,2025-12-20,01:40:05.455000,19:47:55.209000,2,,2,Saturday
viewed_offer_discount_page,application,2025-12-23,16:52:04.423000,16:52:04.423000,1,,1,Tuesday
viewed_offer_discount_page,application,2025-12-24,11:03:55.837000,11:03:55.837000,1,,1,Wednesday
viewed_offer_discount_page,application,2025-12-28,09:36:12.362000,09:36:12.362000,1,,1,Sunday
viewed_offer_discount_page,application,2025-12-29,13:05:49.851000,13:05:49.851000,1,,1,Monday
viewed_offer_discount_page,application,2025-12-30,13:24:28.739000,13:24:28.739000,1,,1,Tuesday
viewed_offer_discount_page,application,2026-01-04,21:12:56.024000,21:25:19.210000,6,,6,Sunday
viewed_offer_discount_page,application,2026-01-05,10:13:27.926000,13:04:23.660000,3,,3,Monday
viewed_offer_discount_page,application,2026-01-27,15:16:23.525000,15:16:23.525000,1,,1,Tuesday
viewed_offer_discount_page,application,2026-01-29,12:40:43.134000,12:40:43.134000,1,,1,Thursday
viewed_offer_discount_page,application,2026-02-04,18:06:17.099000,18:06:17.099000,1,,1,Wednesday
viewed_offer_discount_page,application,2026-02-11,15:30:19.486000,17:33:37.156000,2,,2,Wednesday
viewed_offer_discount_page,application,2026-02-18,15:32:07.334000,21:32:01.280000,2,,2,Wednesday
viewed_online_payment_history_page,application,2025-11-27,11:39:04.230000,11:39:04.230000,1,,1,Thursday
viewed_online_payment_history_page,application,2025-11-29,14:45:21.845000,14:45:21.845000,1,,1,Saturday
viewed_online_payment_history_page,application,2025-11-30,08:08:04.259000,08:08:04.259000,1,,1,Sunday
viewed_online_payment_history_page,application,2025-12-01,07:53:54.731000,07:53:54.731000,1,,1,Monday
viewed_online_payment_history_page,application,2025-12-05,21:50:02.210000,21:50:02.210000,1,,1,Friday
viewed_online_payment_history_page,application,2025-12-06,10:21:35.299000,18:50:39.504000,2,,2,Saturday
viewed_online_payment_history_page,application,2025-12-07,15:23:44.139000,15:23:44.139000,1,,1,Sunday
viewed_online_payment_history_page,application,2025-12-08,05:23:40.608000,23:41:46.329000,3,,3,Monday
viewed_online_payment_history_page,application,2025-12-09,16:08:50.226000,16:08:50.226000,1,,1,Tuesday
viewed_online_payment_history_page,application,2025-12-10,05:23:25.546000,18:32:06.277000,2,,2,Wednesday
viewed_online_payment_history_page,application,2025-12-11,12:24:49.103000,13:14:56.578000,2,,2,Thursday
viewed_online_payment_history_page,application,2025-12-18,13:05:08.868000,23:56:50.998000,6,,6,Thursday
viewed_online_payment_history_page,application,2025-12-19,09:28:18.021000,23:56:53.782000,7,,7,Friday
viewed_online_payment_history_page,application,2025-12-20,01:32:01.388000,19:48:37.401000,9,,9,Saturday
viewed_online_payment_history_page,application,2025-12-21,12:31:50.435000,19:20:26.189000,5,,5,Sunday
viewed_online_payment_history_page,application,2025-12-22,09:20:48.733000,12:09:57.938000,7,,7,Monday
viewed_online_payment_history_page,application,2025-12-23,10:37:43.742000,18:20:45.281000,3,,3,Tuesday
viewed_online_payment_history_page,application,2025-12-24,09:16:07.121000,21:59:30.465000,17,,17,Wednesday
viewed_online_payment_history_page,application,2025-12-25,07:42:40.891000,16:21:16.445000,6,,6,Thursday
viewed_online_payment_history_page,application,2025-12-26,07:57:51.776000,22:14:19.161000,7,,7,Friday
viewed_online_payment_history_page,application,2025-12-27,09:18:37.329000,19:41:01.384000,7,,7,Saturday
viewed_online_payment_history_page,application,2025-12-28,07:13:23.599000,09:37:58.622000,4,,4,Sunday
viewed_online_payment_history_page,application,2025-12-29,08:12:40.718000,13:56:02.061000,7,,7,Monday
viewed_online_payment_history_page,application,2025-12-31,07:28:42.146000,21:07:32.395000,6,,6,Wednesday
viewed_online_payment_history_page,application,2026-01-01,18:11:12.747000,18:11:12.747000,1,,1,Thursday
viewed_online_payment_history_page,application,2026-01-02,11:44:42.395000,11:44:42.395000,1,,1,Friday
viewed_online_payment_history_page,application,2026-01-04,12:08:31.587000,22:36:12.665000,17,,17,Sunday
viewed_online_payment_history_page,application,2026-01-05,08:37:06.793000,21:06:30.403000,8,,8,Monday
viewed_online_payment_history_page,application,2026-01-06,07:45:08.211000,15:19:53.020000,3,,3,Tuesday
viewed_online_payment_history_page,application,2026-01-07,12:08:04.820000,19:45:46.610000,2,,2,Wednesday
viewed_online_payment_history_page,application,2026-01-08,16:45:26.191000,16:45:26.191000,1,,1,Thursday
viewed_online_payment_history_page,application,2026-01-09,11:29:39.125000,18:54:58.981000,3,,3,Friday
viewed_online_payment_history_page,application,2026-01-10,14:54:56.314000,14:54:56.314000,1,,1,Saturday
viewed_online_payment_history_page,application,2026-01-11,06:57:20.791000,20:08:47.707000,4,,4,Sunday
viewed_online_payment_history_page,application,2026-01-12,07:07:20.567000,19:57:12.263000,4,,4,Monday
viewed_online_payment_history_page,application,2026-01-13,14:33:48.384000,14:33:48.384000,1,,1,Tuesday
viewed_online_payment_history_page,application,2026-01-15,07:18:30.646000,21:15:04.644000,4,,4,Thursday
viewed_online_payment_history_page,application,2026-01-16,11:42:26.380000,18:30:28.547000,8,,8,Friday
viewed_online_payment_history_page,application,2026-01-17,07:27:40.902000,16:24:25.312000,9,,9,Saturday
viewed_online_payment_history_page,application,2026-01-18,11:35:06.153000,11:35:06.153000,1,,1,Sunday
viewed_online_payment_history_page,application,2026-01-23,10:15:41.200000,20:07:23.301000,2,,2,Friday
viewed_online_payment_history_page,application,2026-01-24,08:22:59.542000,14:50:02.065000,2,,2,Saturday
viewed_online_payment_history_page,application,2026-01-25,12:40:57.926000,12:47:11.295000,2,,2,Sunday
viewed_online_payment_history_page,application,2026-01-26,09:55:00.177000,20:29:04.158000,8,,8,Monday
viewed_online_payment_history_page,application,2026-01-27,01:36:28.557000,18:58:52.240000,5,,5,Tuesday
viewed_online_payment_history_page,application,2026-01-28,11:12:26.633000,22:44:06.617000,4,,4,Wednesday
viewed_online_payment_history_page,application,2026-01-29,07:16:34.351000,20:54:22.811000,8,,8,Thursday
viewed_online_payment_history_page,application,2026-02-02,22:04:59.203000,22:04:59.203000,1,,1,Monday
viewed_online_payment_history_page,application,2026-02-03,14:37:16.759000,20:45:13.873000,2,,2,Tuesday
viewed_online_payment_history_page,application,2026-02-04,06:39:35.479000,06:39:35.479000,1,,1,Wednesday
viewed_online_payment_history_page,application,2026-02-05,02:32:50.443000,08:08:47.446000,2,,2,Thursday
viewed_online_payment_history_page,application,2026-02-06,04:14:01.349000,18:22:37.861000,2,,2,Friday
viewed_online_payment_history_page,application,2026-02-07,08:28:50.856000,18:28:59.910000,5,,5,Saturday
viewed_online_payment_history_page,application,2026-02-08,01:53:38.450000,10:57:20.495000,3,,3,Sunday
viewed_online_payment_history_page,application,2026-02-09,17:15:46.869000,21:29:30.295000,3,,3,Monday
viewed_online_payment_history_page,application,2026-02-10,08:27:12.471000,15:30:52.115000,2,,2,Tuesday
viewed_online_payment_history_page,application,2026-02-11,13:14:11.123000,19:41:20.235000,2,,2,Wednesday
viewed_online_payment_history_page,application,2026-02-12,12:08:33.204000,19:27:56.386000,7,,7,Thursday
viewed_online_payment_history_page,application,2026-02-13,00:42:36.175000,00:42:36.175000,1,,1,Friday
viewed_online_payment_history_page,application,2026-02-14,10:57:37.238000,10:57:37.238000,1,,1,Saturday
viewed_online_payment_history_page,application,2026-02-15,13:12:28.826000,13:12:28.826000,1,,1,Sunday
viewed_online_payment_history_page,application,2026-02-16,00:01:06.698000,18:33:59.348000,5,,5,Monday
viewed_online_payment_history_page,application,2026-02-17,12:15:09.323000,20:40:07.178000,3,,3,Tuesday
viewed_online_payment_history_page,application,2026-02-18,13:36:31.674000,21:18:26.672000,3,,3,Wednesday
viewed_online_payment_history_page,application,2026-02-19,06:57:21.934000,06:57:21.934000,1,,1,Thursday
viewed_recharge_page,application,2025-12-29,13:54:37.537000,13:54:37.537000,1,,1,Monday
viewed_recharge_page,application,2026-01-27,15:47:43.187000,15:55:02.471000,2,,2,Tuesday
viewed_recharge_page,application,2026-02-10,15:30:38.147000,15:32:08.557000,2,,2,Tuesday
viewed_recharge_page,application,2026-02-17,18:48:16.514000,18:48:16.514000,1,,1,Tuesday
viewed_recharge_page,application,2026-02-18,21:34:19.102000,21:34:19.102000,1,,1,Wednesday
viewed_setting_ticketing_machine_page,application,2025-11-29,07:48:58.657000,08:51:33.596000,2,,2,Saturday
viewed_setting_ticketing_machine_page,application,2025-12-01,12:21:12.497000,18:22:39.800000,7,,7,Monday
viewed_setting_ticketing_machine_page,application,2025-12-03,21:11:57.128000,21:11:57.128000,1,,1,Wednesday
viewed_setting_ticketing_machine_page,application,2025-12-04,08:33:10.598000,08:33:12.129000,2,,2,Thursday
viewed_setting_ticketing_machine_page,application,2025-12-05,22:15:43.443000,22:15:43.443000,1,,1,Friday
viewed_setting_ticketing_machine_page,application,2025-12-06,10:35:53.939000,17:35:48.546000,10,,10,Saturday
viewed_setting_ticketing_machine_page,application,2025-12-07,04:25:09.486000,19:25:46.634000,7,,7,Sunday
viewed_setting_ticketing_machine_page,application,2025-12-08,06:42:15.590000,14:08:28.778000,6,,6,Monday
viewed_setting_ticketing_machine_page,application,2025-12-09,21:42:48.846000,22:29:44.911000,17,,17,Tuesday
viewed_setting_ticketing_machine_page,application,2025-12-10,11:44:29.667000,21:14:40.919000,11,,11,Wednesday
viewed_setting_ticketing_machine_page,application,2025-12-11,08:30:43.830000,18:35:34.377000,59,,59,Thursday
viewed_setting_ticketing_machine_page,application,2025-12-12,09:20:10.363000,19:38:17.267000,12,,12,Friday
viewed_setting_ticketing_machine_page,application,2025-12-13,07:54:29.859000,18:26:56.026000,5,,5,Saturday
viewed_setting_ticketing_machine_page,application,2025-12-14,07:56:32.708000,21:21:30.553000,12,,12,Sunday
viewed_setting_ticketing_machine_page,application,2025-12-15,08:49:35.402000,23:30:50.477000,55,,55,Monday
viewed_setting_ticketing_machine_page,application,2025-12-16,10:44:18.203000,21:09:40.946000,23,,23,Tuesday
viewed_setting_ticketing_machine_page,application,2025-12-17,15:41:02.211000,16:26:29.221000,2,,2,Wednesday
viewed_setting_ticketing_machine_page,application,2025-12-18,08:27:19.686000,18:44:12.378000,13,,13,Thursday
viewed_setting_ticketing_machine_page,application,2025-12-19,00:57:06.376000,20:06:18.197000,25,,25,Friday
viewed_setting_ticketing_machine_page,application,2025-12-20,01:27:56.830000,22:52:26.774000,55,,55,Saturday
viewed_setting_ticketing_machine_page,application,2025-12-21,07:21:39.291000,22:27:53.344000,27,,27,Sunday
viewed_setting_ticketing_machine_page,application,2025-12-22,08:18:14.262000,18:15:20.839000,23,,23,Monday
viewed_setting_ticketing_machine_page,application,2025-12-23,08:37:16.214000,15:30:59.796000,12,,12,Tuesday
viewed_setting_ticketing_machine_page,application,2025-12-24,06:27:46.769000,20:10:53.359000,17,,17,Wednesday
viewed_setting_ticketing_machine_page,application,2025-12-25,12:16:17.723000,17:48:05.761000,7,,7,Thursday
viewed_setting_ticketing_machine_page,application,2025-12-26,08:00:03.997000,17:32:13.170000,28,,28,Friday
viewed_setting_ticketing_machine_page,application,2025-12-27,01:53:22.849000,16:36:39.508000,8,,8,Saturday
viewed_setting_ticketing_machine_page,application,2025-12-28,07:16:03.733000,09:36:58.153000,4,,4,Sunday
viewed_setting_ticketing_machine_page,application,2025-12-29,10:58:01.393000,17:26:49.047000,7,,7,Monday
viewed_setting_ticketing_machine_page,application,2025-12-30,10:20:08.458000,17:32:49.089000,5,,5,Tuesday
viewed_setting_ticketing_machine_page,application,2025-12-31,10:23:46.993000,11:39:09.901000,2,,2,Wednesday
viewed_setting_ticketing_machine_page,application,2026-01-01,10:17:33.530000,20:47:39.631000,4,,4,Thursday
viewed_setting_ticketing_machine_page,application,2026-01-02,08:22:57.979000,11:38:25.026000,5,,5,Friday
viewed_setting_ticketing_machine_page,application,2026-01-03,07:19:25.875000,15:39:36.706000,8,,8,Saturday
viewed_setting_ticketing_machine_page,application,2026-01-04,12:10:10.578000,21:25:04.992000,32,,32,Sunday
viewed_setting_ticketing_machine_page,application,2026-01-05,07:37:15.814000,18:41:17.504000,71,,71,Monday
viewed_setting_ticketing_machine_page,application,2026-01-06,05:07:27.292000,12:49:28.686000,7,,7,Tuesday
viewed_setting_ticketing_machine_page,application,2026-01-07,10:20:05.344000,21:32:53.745000,14,,14,Wednesday
viewed_setting_ticketing_machine_page,application,2026-01-08,09:13:05.564000,09:13:05.564000,1,,1,Thursday
viewed_setting_ticketing_machine_page,application,2026-01-09,07:58:15.685000,17:45:15.123000,81,,81,Friday
viewed_setting_ticketing_machine_page,application,2026-01-10,17:23:34.759000,21:09:16.006000,21,,21,Saturday
viewed_setting_ticketing_machine_page,application,2026-01-12,13:49:52.783000,19:21:52.339000,4,,4,Monday
viewed_setting_ticketing_machine_page,application,2026-01-13,08:57:43.867000,16:07:43.006000,69,,69,Tuesday
viewed_setting_ticketing_machine_page,application,2026-01-14,06:22:21.018000,08:23:48.137000,2,,2,Wednesday
viewed_setting_ticketing_machine_page,application,2026-01-15,10:51:58.433000,22:03:59.696000,43,,43,Thursday
viewed_setting_ticketing_machine_page,application,2026-01-16,09:03:03.768000,14:20:08.835000,6,,6,Friday
viewed_setting_ticketing_machine_page,application,2026-01-17,12:15:03.156000,21:28:18.214000,266,,266,Saturday
viewed_setting_ticketing_machine_page,application,2026-01-18,20:23:29.063000,20:23:48.521000,3,,3,Sunday
viewed_setting_ticketing_machine_page,application,2026-01-23,12:03:47.471000,18:30:14.657000,31,,31,Friday
viewed_setting_ticketing_machine_page,application,2026-01-24,12:53:08.436000,19:54:13.584000,7,,7,Saturday
viewed_setting_ticketing_machine_page,application,2026-01-25,10:39:58.557000,10:39:58.557000,1,,1,Sunday
viewed_setting_ticketing_machine_page,application,2026-01-26,08:43:37.329000,10:48:39.014000,2,,2,Monday
viewed_setting_ticketing_machine_page,application,2026-01-27,14:44:37.832000,17:26:01.090000,14,,14,Tuesday
viewed_setting_ticketing_machine_page,application,2026-01-28,00:17:48.636000,18:32:16.035000,3,,3,Wednesday
viewed_setting_ticketing_machine_page,application,2026-01-29,11:54:43.193000,22:33:03.449000,2,,2,Thursday
viewed_setting_ticketing_machine_page,application,2026-01-31,12:52:09.805000,20:14:22.865000,4,,4,Saturday
viewed_setting_ticketing_machine_page,application,2026-02-01,06:35:52.729000,06:36:10.110000,4,,4,Sunday
viewed_setting_ticketing_machine_page,application,2026-02-02,13:26:48.243000,20:33:39.326000,3,,3,Monday
viewed_setting_ticketing_machine_page,application,2026-02-03,09:50:54.586000,09:51:37.553000,4,,4,Tuesday
viewed_setting_ticketing_machine_page,application,2026-02-04,06:40:08.072000,20:21:00.788000,7,,7,Wednesday
viewed_setting_ticketing_machine_page,application,2026-02-05,11:41:15.653000,23:37:27.770000,3,,3,Thursday
viewed_setting_ticketing_machine_page,application,2026-02-06,12:38:51.219000,18:18:57.960000,3,,3,Friday
viewed_setting_ticketing_machine_page,application,2026-02-07,09:15:11.843000,11:25:05.632000,2,,2,Saturday
viewed_setting_ticketing_machine_page,application,2026-02-08,02:02:07.541000,10:57:15.918000,3,,3,Sunday
viewed_setting_ticketing_machine_page,application,2026-02-09,14:49:47.981000,14:50:11.601000,22,,22,Monday
viewed_setting_ticketing_machine_page,application,2026-02-10,09:25:59.530000,22:28:01.732000,7,,7,Tuesday
viewed_setting_ticketing_machine_page,application,2026-02-11,10:52:36.205000,23:35:52.489000,31,,31,Wednesday
viewed_setting_ticketing_machine_page,application,2026-02-12,11:56:54.803000,17:08:45.956000,3,,3,Thursday
viewed_setting_ticketing_machine_page,application,2026-02-13,09:50:00.949000,12:21:36.898000,7,,7,Friday
viewed_setting_ticketing_machine_page,application,2026-02-14,07:03:14.129000,18:31:40.574000,4,,4,Saturday
viewed_setting_ticketing_machine_page,application,2026-02-15,12:21:41.289000,20:34:39.827000,9,,9,Sunday
viewed_setting_ticketing_machine_page,application,2026-02-16,00:05:37.887000,20:28:04.154000,15,,15,Monday
viewed_setting_ticketing_machine_page,application,2026-02-17,12:53:00.802000,20:39:32.339000,20,,20,Tuesday
viewed_setting_ticketing_machine_page,application,2026-02-18,10:39:46.828000,21:35:33.439000,7,,7,Wednesday
viewed_setting_ticketing_machine_page,application,2026-02-19,06:18:58.523000,21:31:05.262000,9,,9,Thursday
viewed_t&c_page,application,2025-12-20,19:40:03.152000,19:48:11.221000,3,,3,Saturday
viewed_t&c_page,application,2025-12-25,16:39:50.554000,16:39:50.554000,1,,1,Thursday
viewed_t&c_page,application,2026-01-05,11:56:43.997000,11:56:43.997000,1,,1,Monday
viewed_t&c_page,application,2026-01-06,13:08:31.200000,13:08:31.200000,1,,1,Tuesday
viewed_t&c_page,application,2026-01-27,15:47:54.716000,17:24:40.512000,2,,2,Tuesday
viewed_t&c_page,application,2026-02-10,11:01:21.822000,11:01:21.822000,1,,1,Tuesday
viewed_t&c_page,application,2026-02-11,15:22:50.026000,15:22:50.026000,1,,1,Wednesday
viewed_t&c_page,application,2026-02-18,21:35:13.897000,21:35:13.897000,1,,1,Wednesday
viewed_training_videos_page,application,2026-01-14,15:24:05.681000,15:24:05.681000,1,,1,Wednesday
viewed_training_videos_page,application,2026-01-27,17:24:29.258000,17:27:55.068000,2,,2,Tuesday
viewed_training_videos_page,application,2026-01-31,12:51:30.100000,12:51:30.100000,1,,1,Saturday
viewed_view_pricing_page ,application,2025-12-01,11:42:31.782000,11:42:31.782000,1,,1,Monday
viewed_view_pricing_page ,application,2025-12-06,10:25:29.678000,17:55:17.894000,3,,3,Saturday
viewed_view_pricing_page ,application,2025-12-08,14:29:41.755000,15:35:07.482000,4,,4,Monday
viewed_view_pricing_page ,application,2025-12-09,12:14:37.613000,12:23:08.048000,11,,11,Tuesday
viewed_view_pricing_page ,application,2025-12-10,11:43:14.582000,11:43:18.442000,2,,2,Wednesday
viewed_view_pricing_page ,application,2025-12-13,14:25:00.004000,15:37:40.953000,12,,12,Saturday
viewed_view_pricing_page ,application,2025-12-14,08:42:13.298000,08:42:13.298000,1,,1,Sunday
viewed_view_pricing_page ,application,2025-12-18,08:03:23.223000,13:18:04.298000,22,,22,Thursday
viewed_view_pricing_page ,application,2025-12-20,01:32:13.586000,01:32:13.586000,1,,1,Saturday
viewed_view_pricing_page ,application,2025-12-21,12:02:39.875000,12:02:51.525000,6,,6,Sunday
viewed_view_pricing_page ,application,2025-12-23,10:17:49.102000,15:26:04.942000,22,,22,Tuesday
viewed_view_pricing_page ,application,2025-12-24,10:10:44.833000,15:27:43.334000,12,,12,Wednesday
viewed_view_pricing_page ,application,2025-12-25,16:29:06.329000,21:33:00.986000,21,,21,Thursday
viewed_view_pricing_page ,application,2025-12-26,09:57:57.686000,10:01:09.552000,6,,6,Friday
viewed_view_pricing_page ,application,2025-12-27,07:00:50.113000,14:56:31.005000,6,,6,Saturday
viewed_view_pricing_page ,application,2025-12-28,09:43:26.297000,11:15:07.641000,6,,6,Sunday
viewed_view_pricing_page ,application,2025-12-29,14:03:13.953000,19:30:54.976000,2,,2,Monday
viewed_view_pricing_page ,application,2025-12-31,10:24:01.771000,16:24:10.473000,10,,10,Wednesday
viewed_view_pricing_page ,application,2026-01-01,07:38:28.763000,14:39:09.781000,4,,4,Thursday
viewed_view_pricing_page ,application,2026-01-03,15:13:04.317000,15:13:04.317000,1,,1,Saturday
viewed_view_pricing_page ,application,2026-01-04,21:07:30.596000,21:07:30.596000,3,,3,Sunday
viewed_view_pricing_page ,application,2026-01-05,12:15:16.635000,12:15:16.635000,1,,1,Monday
viewed_view_pricing_page ,application,2026-01-07,16:04:38.854000,16:04:38.854000,1,,1,Wednesday
viewed_view_pricing_page ,application,2026-01-12,22:19:41.846000,22:19:41.846000,1,,1,Monday
viewed_view_pricing_page ,application,2026-01-13,08:33:52.705000,08:33:52.705000,1,,1,Tuesday
viewed_view_pricing_page ,application,2026-01-14,20:04:59.170000,20:04:59.170000,1,,1,Wednesday
viewed_view_pricing_page ,application,2026-01-15,12:46:14.126000,12:47:30.295000,2,,2,Thursday
viewed_view_pricing_page ,application,2026-01-16,09:20:40.887000,17:01:41.111000,11,,11,Friday
viewed_view_pricing_page ,application,2026-01-26,13:00:57.595000,13:01:18.366000,2,,2,Monday
viewed_view_pricing_page ,application,2026-02-02,20:23:23.356000,20:23:32.840000,2,,2,Monday
viewed_view_pricing_page ,application,2026-02-04,19:23:56.989000,19:23:56.989000,1,,1,Wednesday
viewed_view_pricing_page ,application,2026-02-06,12:43:43.072000,18:11:18.512000,3,,3,Friday
viewed_view_pricing_page ,application,2026-02-07,18:22:05.025000,18:22:05.025000,1,,1,Saturday
viewed_view_pricing_page ,application,2026-02-08,13:56:04.072000,22:50:58.154000,5,,5,Sunday
viewed_view_pricing_page ,application,2026-02-11,08:55:57.849000,18:30:02.236000,8,,8,Wednesday
viewed_view_pricing_page ,application,2026-02-12,19:10:20.723000,19:12:37.199000,2,,2,Thursday
viewed_view_pricing_page ,application,2026-02-13,11:59:08.048000,16:15:49.058000,3,,3,Friday
viewed_view_pricing_page ,application,2026-02-15,11:03:11.820000,11:03:11.820000,1,,1,Sunday
viewed_view_pricing_page ,application,2026-02-16,15:19:02.863000,17:49:26.261000,3,,3,Monday
viewed_view_pricing_page ,application,2026-02-17,04:44:49.548000,04:44:49.548000,1,,1,Tuesday
viewed_view_pricing_page ,application,2026-02-18,21:20:15.046000,21:22:19.615000,2,,2,Wednesday
viewed_view_route_page,application,2025-12-06,10:23:54.149000,17:58:02.657000,4,,4,Saturday
viewed_view_route_page,application,2025-12-07,08:45:45.047000,12:00:37.423000,2,,2,Sunday
viewed_view_route_page,application,2025-12-08,15:33:03.658000,15:33:07.741000,2,,2,Monday
viewed_view_route_page,application,2025-12-09,12:22:52.824000,12:22:52.824000,1,,1,Tuesday
viewed_view_route_page,application,2025-12-13,14:41:14.038000,15:40:12.152000,3,,3,Saturday
viewed_view_route_page,application,2025-12-18,08:03:17.967000,08:03:17.967000,1,,1,Thursday
viewed_view_route_page,application,2025-12-19,11:12:18.959000,14:44:59.357000,5,,5,Friday
viewed_view_route_page,application,2025-12-20,01:32:09.243000,11:09:13.442000,2,,2,Saturday
viewed_view_route_page,application,2025-12-23,10:31:46.736000,10:31:46.736000,1,,1,Tuesday
viewed_view_route_page,application,2025-12-29,13:22:16.190000,13:32:40.266000,366,,366,Monday
viewed_view_route_page,application,2025-12-31,14:53:33.839000,14:53:33.839000,3,,3,Wednesday
viewed_view_route_page,application,2026-01-01,16:58:23.332000,16:58:41.715000,5,,5,Thursday
viewed_view_route_page,application,2026-01-03,15:12:54.762000,15:13:02.599000,2,,2,Saturday
viewed_view_route_page,application,2026-01-04,21:07:12.266000,21:07:48.107000,13,,13,Sunday
viewed_view_route_page,application,2026-01-05,14:08:50.205000,14:09:05.851000,4,,4,Monday
viewed_view_route_page,application,2026-01-06,09:04:45.926000,09:05:04.118000,2,,2,Tuesday
viewed_view_route_page,application,2026-01-07,17:18:23.747000,17:18:23.911000,7,,7,Wednesday
viewed_view_route_page,application,2026-01-08,14:38:21.169000,14:38:21.169000,1,,1,Thursday
viewed_view_route_page,application,2026-01-09,07:58:32.928000,07:58:32.928000,1,,1,Friday
viewed_view_route_page,application,2026-01-11,17:46:35.338000,17:46:39.170000,2,,2,Sunday
viewed_view_route_page,application,2026-01-12,13:06:09.166000,13:06:29.711000,27,,27,Monday
viewed_view_route_page,application,2026-01-13,07:40:32.516000,07:41:41.118000,17,,17,Tuesday
viewed_view_route_page,application,2026-01-15,12:36:13.549000,12:36:16.483000,2,,2,Thursday
viewed_view_route_page,application,2026-01-16,12:40:51.031000,17:00:33.920000,2,,2,Friday
viewed_view_route_page,application,2026-01-25,10:13:20.073000,10:13:20.073000,1,,1,Sunday
viewed_view_route_page,application,2026-02-07,08:30:25.327000,18:22:07.408000,3,,3,Saturday
viewed_view_route_page,application,2026-02-08,14:00:31.940000,14:00:31.940000,1,,1,Sunday
viewed_view_route_page,application,2026-02-10,23:24:22.473000,23:26:49.421000,15,,15,Tuesday
viewed_view_route_page,application,2026-02-11,08:55:08.069000,16:03:02.612000,3,,3,Wednesday
viewed_view_route_page,application,2026-02-12,19:44:28.977000,19:44:29.109000,9,,9,Thursday
viewed_view_route_page,application,2026-02-13,11:49:47.154000,16:15:07.906000,4,,4,Friday
viewed_view_route_page,application,2026-02-15,11:03:02.647000,15:08:25.312000,2,,2,Sunday
viewed_view_route_page,application,2026-02-16,17:24:58.945000,17:50:06.409000,4,,4,Monday
viewed_view_route_page,application,2026-02-18,21:19:33.176000,21:20:00.188000,4,,4,Wednesday
viewed_view_route_page_back_btn,application,2025-12-02,18:11:52.592000,18:11:55.523000,2,,2,Tuesday
viewed_view_route_page_back_btn,application,2025-12-06,09:29:56.198000,17:58:18.282000,7,,7,Saturday
viewed_view_route_page_back_btn,application,2025-12-07,08:46:07.970000,08:46:07.970000,1,,1,Sunday
viewed_view_route_page_back_btn,application,2025-12-08,15:33:06.722000,15:36:06.051000,5,,5,Monday
viewed_view_route_page_back_btn,application,2025-12-09,12:17:58.542000,12:23:11.990000,11,,11,Tuesday
viewed_view_route_page_back_btn,application,2025-12-10,11:43:15.693000,11:43:15.693000,1,,1,Wednesday
viewed_view_route_page_back_btn,application,2025-12-13,14:25:13.740000,15:40:24.714000,12,,12,Saturday
viewed_view_route_page_back_btn,application,2025-12-20,11:09:12.065000,11:09:16.917000,2,,2,Saturday
viewed_view_route_page_back_btn,application,2026-01-05,14:09:14.246000,14:09:14.246000,2,,2,Monday
viewed_view_route_page_back_btn,application,2026-01-09,11:55:29.242000,11:55:41.384000,2,,2,Friday
viewed_view_route_page_back_btn,application,2026-01-15,16:08:01.800000,16:08:01.800000,1,,1,Thursday
viewed_view_route_page_back_btn,application,2026-01-23,10:29:49.970000,15:05:21.214000,5,,5,Friday
